Spices,Location, Price ,Price_cat,Price_norm,Date
CORIANDER,CHENNAI, ₹87.50 ,low,0.024655385,1/1/2021
CORIANDER,CHENNAI, ₹82.50 ,low,0.022413986,2/1/2021
CORIANDER,CHENNAI, ₹82.50 ,low,0.022413986,3/1/2021
CORIANDER,CHENNAI, ₹85.80 ,low,0.023893309,4/1/2021
CORIANDER,CHENNAI, ₹83.12 ,low,0.02269192,5/1/2021
CORIANDER,CHENNAI, ₹82.50 ,low,0.022413986,8/1/2021
CORIANDER,CHENNAI, ₹86.50 ,low,0.024207105,9/1/2021
CORIANDER,CHENNAI, ₹98.12 ,low,0.029416116,10/1/2021
CORIANDER,CHENNAI, ₹101.25 ,low,0.030819231,11/1/2021
CORIANDER,CHENNAI, ₹91.00 ,low,0.026224364,12/1/2021
CORIANDER,CHENNAI, ₹93.75 ,low,0.027457133,1/1/2022
CORIANDER,CHENNAI, ₹105.62 ,low,0.032778214,2/1/2022
CORIANDER,CHENNAI, ₹120.00 ,low,0.039224476,3/1/2022
CORIANDER,CHENNAI, ₹114.00 ,low,0.036534798,12/1/2022
CORIANDER,CHENNAI, ₹95.00 ,low,0.028017483,1/1/2023
CORIANDER,CHENNAI, ₹85.62 ,low,0.023812619,2/1/2023
CORIANDER,CHENNAI, ₹79.50 ,low,0.021069147,3/1/2023
CORIANDER,CHENNAI, ₹75.62 ,low,0.019329822,4/1/2023
CORIANDER,CHENNAI, ₹72.50 ,low,0.017931189,5/1/2023
CORIANDER,CHENNAI, ₹77.50 ,low,0.020172588,6/1/2023
CORIANDER,CHENNAI, ₹83.00 ,low,0.022638126,7/1/2023
CORIANDER,CHENNAI, ₹96.25 ,low,0.028577833,8/1/2023
CORIANDER,CHENNAI, ₹89.00 ,low,0.025327805,9/1/2023
CORIANDER,CHENNAI, ₹100.00 ,low,0.030258882,10/1/2023
CORIANDER,CHENNAI, ₹118.12 ,low,0.03838171,11/1/2023
CORIANDER,CHENNAI, ₹122.50 ,low,0.040345175,12/1/2023
FENNEL,CHENNAI, ₹91.62 ,low,0.026502297,1/1/2021
FENNEL,CHENNAI, ₹90.62 ,low,0.026054018,2/1/2021
FENNEL,CHENNAI, ₹107.50 ,low,0.033620979,3/1/2021
FENNEL,CHENNAI, ₹114.40 ,low,0.03671411,4/1/2021
FENNEL,CHENNAI, ₹112.00 ,low,0.035638238,5/1/2021
FENNEL,CHENNAI, ₹116.00 ,low,0.037431357,6/1/2021
FENUGREEK,CHENNAI, ₹70.50 ,low,0.01703463,1/1/2021
FENUGREEK,CHENNAI, ₹69.25 ,low,0.01647428,2/1/2021
FENUGREEK,CHENNAI, ₹74.25 ,low,0.018715679,3/1/2021
FENUGREEK,CHENNAI, ₹76.80 ,low,0.019858792,4/1/2021
FENUGREEK,CHENNAI, ₹81.50 ,low,0.021965707,5/1/2021
FENUGREEK,CHENNAI, ₹80.83 ,low,0.021665359,6/1/2021
FENUGREEK,CHENNAI, ₹80.80 ,low,0.021651911,7/1/2021
FENUGREEK,CHENNAI, ₹92.50 ,low,0.026896784,8/1/2021
FENUGREEK,CHENNAI, ₹100.00 ,low,0.030258882,9/1/2021
FENUGREEK,CHENNAI, ₹96.20 ,low,0.028555419,10/1/2021
FENUGREEK,CHENNAI, ₹94.50 ,low,0.027793343,11/1/2021
FENUGREEK,CHENNAI, ₹95.00 ,low,0.028017483,12/1/2021
FENUGREEK,CHENNAI, ₹90.00 ,low,0.025776084,1/1/2022
FENUGREEK,CHENNAI, ₹88.25 ,low,0.024991595,2/1/2022
FENUGREEK,CHENNAI, ₹87.87 ,low,0.024821248,3/1/2022
FENUGREEK,CHENNAI, ₹80.00 ,low,0.021293287,4/1/2022
FENUGREEK,CHENNAI, ₹85.50 ,low,0.023758826,5/1/2022
FENUGREEK,CHENNAI, ₹85.66 ,low,0.02383055,6/1/2022
FENUGREEK,CHENNAI, ₹85.00 ,low,0.023534686,7/1/2022
FENUGREEK,CHENNAI, ₹83.33 ,low,0.022786059,8/1/2022
FENUGREEK,CHENNAI, ₹69.70 ,low,0.016676006,9/1/2022
FENUGREEK,CHENNAI, ₹75.62 ,low,0.019329822,10/1/2022
FENUGREEK,CHENNAI, ₹77.50 ,low,0.020172588,11/1/2022
FENUGREEK,CHENNAI, ₹77.50 ,low,0.020172588,12/1/2022
FENUGREEK,CHENNAI, ₹90.00 ,low,0.025776084,1/1/2023
FENUGREEK,CHENNAI, ₹92.50 ,low,0.026896784,2/1/2023
FENUGREEK,CHENNAI, ₹80.00 ,low,0.021293287,3/1/2023
FENUGREEK,CHENNAI, ₹81.66 ,low,0.022037431,4/1/2023
FENUGREEK,CHENNAI, ₹82.50 ,low,0.022413986,5/1/2023
FENUGREEK,CHENNAI, ₹83.12 ,low,0.02269192,6/1/2023
FENUGREEK,CHENNAI, ₹88.00 ,low,0.024879525,7/1/2023
FENUGREEK,CHENNAI, ₹91.87 ,low,0.026614367,8/1/2023
FENUGREEK,CHENNAI, ₹94.50 ,low,0.027793343,9/1/2023
FENUGREEK,CHENNAI, ₹95.62 ,low,0.028295416,10/1/2023
FENUGREEK,CHENNAI, ₹115.00 ,low,0.036983077,11/1/2023
FENUGREEK,CHENNAI, ₹117.00 ,low,0.037879637,12/1/2023
GARLIC,CHENNAI, ₹85.00 ,low,0.023534686,1/1/2021
GARLIC,CHENNAI, ₹81.87 ,low,0.02213157,2/1/2021
GARLIC,CHENNAI, ₹65.62 ,low,0.014847025,3/1/2021
GARLIC,CHENNAI, ₹80.80 ,low,0.021651911,4/1/2021
GARLIC,CHENNAI, ₹78.75 ,low,0.020732937,5/1/2021
GARLIC,CHENNAI, ₹89.17 ,low,0.025404012,6/1/2021
GARLIC,CHENNAI, ₹85.00 ,low,0.023534686,7/1/2021
GARLIC,CHENNAI, ₹85.00 ,low,0.023534686,8/1/2021
GARLIC,CHENNAI, ₹77.50 ,low,0.020172588,9/1/2021
GARLIC,CHENNAI, ₹81.00 ,low,0.021741567,10/1/2021
GARLIC,CHENNAI, ₹85.00 ,low,0.023534686,11/1/2021
GARLIC,CHENNAI, ₹77.50 ,low,0.020172588,12/1/2021
GARLIC,CHENNAI, ₹52.00 ,low,0.008741455,1/1/2022
GARLIC,CHENNAI, ₹47.50 ,low,0.006724196,2/1/2022
GARLIC,CHENNAI, ₹47.50 ,low,0.006724196,3/1/2022
GARLIC,CHENNAI, ₹45.00 ,low,0.005603497,4/1/2022
GARLIC,CHENNAI, ₹40.63 ,low,0.003644514,5/1/2022
GARLIC,CHENNAI, ₹36.66 ,low,0.001864844,6/1/2022
GARLIC,CHENNAI, ₹42.50 ,low,0.004482797,7/1/2022
GARLIC,CHENNAI, ₹42.50 ,low,0.004482797,8/1/2022
GARLIC,CHENNAI, ₹34.37 ,low,0.000838283,10/1/2022
GARLIC,CHENNAI, ₹43.75 ,low,0.005043147,11/1/2022
GARLIC,CHENNAI, ₹36.00 ,low,0.001568979,12/1/2022
GARLIC,CHENNAI, ₹38.75 ,low,0.002801748,1/1/2023
GARLIC,CHENNAI, ₹51.25 ,low,0.008405245,2/1/2023
GARLIC,CHENNAI, ₹67.00 ,low,0.015465651,3/1/2023
GARLIC,CHENNAI, ₹51.87 ,low,0.008683178,4/1/2023
GARLIC,CHENNAI, ₹54.37 ,low,0.009803878,5/1/2023
GARLIC,CHENNAI, ₹66.25 ,low,0.015129441,6/1/2023
GARLIC,CHENNAI, ₹105.00 ,low,0.03250028,7/1/2023
GARLIC,CHENNAI, ₹108.75 ,low,0.034181329,8/1/2023
GARLIC,CHENNAI, ₹105.00 ,low,0.03250028,9/1/2023
GARLIC,CHENNAI, ₹106.25 ,low,0.03306063,10/1/2023
GARLIC,CHENNAI, ₹105.00 ,low,0.03250028,11/1/2023
GARLIC,CHENNAI, ₹116.00 ,low,0.037431357,12/1/2023
MUSTARD,CHENNAI, ₹60.25 ,low,0.012439762,1/1/2021
MUSTARD,CHENNAI, ₹60.50 ,low,0.012551832,2/1/2021
MUSTARD,CHENNAI, ₹61.37 ,low,0.012941836,3/1/2021
MUSTARD,CHENNAI, ₹66.20 ,low,0.015107027,4/1/2021
MUSTARD,CHENNAI, ₹73.00 ,low,0.018155329,5/1/2021
MUSTARD,CHENNAI, ₹77.00 ,low,0.019948448,6/1/2021
MUSTARD,CHENNAI, ₹80.20 ,low,0.021382943,7/1/2021
MUSTARD,CHENNAI, ₹86.50 ,low,0.024207105,8/1/2021
MUSTARD,CHENNAI, ₹92.25 ,low,0.026784714,9/1/2021
MUSTARD,CHENNAI, ₹91.40 ,low,0.026403676,10/1/2021
MUSTARD,CHENNAI, ₹95.12 ,low,0.028071276,11/1/2021
MUSTARD,CHENNAI, ₹96.13 ,low,0.028524039,12/1/2021
MUSTARD,CHENNAI, ₹96.50 ,low,0.028689902,1/1/2022
MUSTARD,CHENNAI, ₹87.00 ,low,0.024431245,2/1/2022
MUSTARD,CHENNAI, ₹77.50 ,low,0.020172588,3/1/2022
MUSTARD,CHENNAI, ₹81.00 ,low,0.021741567,4/1/2022
MUSTARD,CHENNAI, ₹81.00 ,low,0.021741567,5/1/2022
MUSTARD,CHENNAI, ₹81.00 ,low,0.021741567,6/1/2022
MUSTARD,CHENNAI, ₹80.90 ,low,0.021696739,7/1/2022
MUSTARD,CHENNAI, ₹78.62 ,low,0.020674661,8/1/2022
MUSTARD,CHENNAI, ₹76.50 ,low,0.019724308,9/1/2022
MUSTARD,CHENNAI, ₹82.87 ,low,0.02257985,10/1/2022
MUSTARD,CHENNAI, ₹86.87 ,low,0.024372969,11/1/2022
MUSTARD,CHENNAI, ₹83.75 ,low,0.022974336,12/1/2022
MUSTARD,CHENNAI, ₹87.50 ,low,0.024655385,1/1/2023
MUSTARD,CHENNAI, ₹82.50 ,low,0.022413986,2/1/2023
MUSTARD,CHENNAI, ₹77.50 ,low,0.020172588,3/1/2023
MUSTARD,CHENNAI, ₹75.00 ,low,0.019051888,4/1/2023
MUSTARD,CHENNAI, ₹75.62 ,low,0.019329822,5/1/2023
MUSTARD,CHENNAI, ₹75.00 ,low,0.019051888,6/1/2023
MUSTARD,CHENNAI, ₹80.50 ,low,0.021517427,7/1/2023
MUSTARD,CHENNAI, ₹80.62 ,low,0.02157122,8/1/2023
MUSTARD,CHENNAI, ₹81.00 ,low,0.021741567,9/1/2023
MUSTARD,CHENNAI, ₹92.50 ,low,0.026896784,10/1/2023
MUSTARD,CHENNAI, ₹118.75 ,low,0.038664126,11/1/2023
MUSTARD,CHENNAI, ₹89.50 ,low,0.025551944,12/1/2023
TAMARIND,CHENNAI, ₹109.66 ,low,0.034589264,6/1/2022
TAMARIND,CHENNAI, ₹121.25 ,low,0.039784826,8/1/2022
TAMARIND,CHENNAI, ₹112.00 ,low,0.035638238,9/1/2022
TAMARIND,CHENNAI, ₹111.25 ,low,0.035302028,10/1/2022
TAMARIND,CHENNAI, ₹113.75 ,low,0.036422728,11/1/2022
TAMARIND,CHENNAI, ₹119.00 ,low,0.038776196,12/1/2022
TAMARIND,CHENNAI, ₹115.00 ,low,0.036983077,1/1/2023
TAMARIND,CHENNAI, ₹102.50 ,low,0.031379581,5/1/2023
TAMARIND,CHENNAI, ₹121.25 ,low,0.039784826,6/1/2023
TAMARIND,CHENNAI, ₹114.00 ,low,0.036534798,7/1/2023
TAMARIND,CHENNAI, ₹119.37 ,low,0.03894206,8/1/2023
TAMARIND,CHENNAI, ₹113.00 ,low,0.036086518,9/1/2023
TAMARIND,CHENNAI, ₹122.50 ,low,0.040345175,10/1/2023
TAMARIND,CHENNAI, ₹113.12 ,low,0.036140312,11/1/2023
TAMARIND,CHENNAI, ₹117.00 ,low,0.037879637,12/1/2023
TURMERIC,CHENNAI, ₹117.25 ,low,0.037991707,1/1/2021
TURMERIC,CHENNAI, ₹121.00 ,low,0.039672756,7/1/2021
TURMERIC,CHENNAI, ₹116.50 ,low,0.037655497,8/1/2021
TURMERIC,CHENNAI, ₹107.12 ,low,0.033450633,9/1/2021
TURMERIC,CHENNAI, ₹107.00 ,low,0.03339684,10/1/2021
TURMERIC,CHENNAI, ₹108.75 ,low,0.034181329,11/1/2021
TURMERIC,CHENNAI, ₹118.75 ,low,0.038664126,12/1/2021
TURMERIC,CHENNAI, ₹86.87 ,low,0.024372969,1/1/2022
TURMERIC,CHENNAI, ₹113.75 ,low,0.036422728,2/1/2022
TURMERIC,CHENNAI, ₹107.00 ,low,0.03339684,4/1/2022
TURMERIC,CHENNAI, ₹105.00 ,low,0.03250028,5/1/2022
TURMERIC,CHENNAI, ₹106.66 ,low,0.033244425,6/1/2022
TURMERIC,CHENNAI, ₹104.50 ,low,0.03227614,7/1/2022
TURMERIC,CHENNAI, ₹104.37 ,low,0.032217864,8/1/2022
TURMERIC,CHENNAI, ₹94.00 ,low,0.027569203,9/1/2022
TURMERIC,CHENNAI, ₹96.25 ,low,0.028577833,10/1/2022
TURMERIC,CHENNAI, ₹94.37 ,low,0.027735067,11/1/2022
TURMERIC,CHENNAI, ₹97.00 ,low,0.028914042,12/1/2022
TURMERIC,CHENNAI, ₹90.00 ,low,0.025776084,1/1/2023
TURMERIC,CHENNAI, ₹86.87 ,low,0.024372969,2/1/2023
TURMERIC,CHENNAI, ₹91.00 ,low,0.026224364,3/1/2023
TURMERIC,CHENNAI, ₹74.37 ,low,0.018769472,4/1/2023
TURMERIC,CHENNAI, ₹78.75 ,low,0.020732937,5/1/2023
TURMERIC,CHENNAI, ₹78.12 ,low,0.020450521,6/1/2023
TURMERIC,CHENNAI, ₹119.50 ,low,0.039000336,7/1/2023
TURMERIC,CHENNAI, ₹110.62 ,low,0.035019612,10/1/2023
TURMERIC,CHENNAI, ₹105.00 ,low,0.03250028,11/1/2023
TURMERIC,CHENNAI, ₹104.50 ,low,0.03227614,12/1/2023
AJWAN SEED,CHENNAI, ₹130.00 ,medium,0.043707273,1/1/2021
AJWAN SEED,CHENNAI, ₹130.00 ,medium,0.043707273,2/1/2021
AJWAN SEED,CHENNAI, ₹145.00 ,medium,0.050431469,3/1/2021
AJWAN SEED,CHENNAI, ₹140.00 ,medium,0.048190071,4/1/2021
AJWAN SEED,CHENNAI, ₹140.00 ,medium,0.048190071,5/1/2021
AJWAN SEED,CHENNAI, ₹154.67 ,medium,0.054766334,6/1/2021
AJWAN SEED,CHENNAI, ₹184.00 ,medium,0.067914379,7/1/2021
AJWAN SEED,CHENNAI, ₹181.00 ,medium,0.066569539,8/1/2021
AJWAN SEED,CHENNAI, ₹180.00 ,medium,0.06612126,9/1/2021
AJWAN SEED,CHENNAI, ₹180.00 ,medium,0.06612126,10/1/2021
AJWAN SEED,CHENNAI, ₹180.00 ,medium,0.06612126,11/1/2021
AJWAN SEED,CHENNAI, ₹178.75 ,medium,0.06556091,12/1/2021
AJWAN SEED,CHENNAI, ₹184.00 ,medium,0.067914379,1/1/2022
AJWAN SEED,CHENNAI, ₹175.00 ,medium,0.063879861,2/1/2022
AJWAN SEED,CHENNAI, ₹170.00 ,medium,0.061638462,3/1/2022
AJWAN SEED,CHENNAI, ₹175.40 ,medium,0.064059173,4/1/2022
AJWAN SEED,CHENNAI, ₹178.50 ,medium,0.06544884,5/1/2022
AJWAN SEED,CHENNAI, ₹173.33 ,medium,0.063131234,6/1/2022
AJWAN SEED,CHENNAI, ₹174.00 ,medium,0.063431581,7/1/2022
AJWAN SEED,CHENNAI, ₹163.75 ,medium,0.058836714,8/1/2022
AJWAN SEED,CHENNAI, ₹158.50 ,medium,0.056483246,9/1/2022
AJWAN SEED,CHENNAI, ₹167.50 ,medium,0.060517763,10/1/2022
AJWAN SEED,CHENNAI, ₹191.25 ,medium,0.071164407,11/1/2022
AJWAN SEED,CHENNAI, ₹218.00 ,medium,0.083155889,12/1/2022
AJWAN SEED,CHENNAI, ₹215.00 ,medium,0.08181105,1/1/2023
AJWAN SEED,CHENNAI, ₹206.25 ,medium,0.077888602,2/1/2023
AJWAN SEED,CHENNAI, ₹183.00 ,medium,0.067466099,3/1/2023
AJWAN SEED,CHENNAI, ₹170.00 ,medium,0.061638462,4/1/2023
AJWAN SEED,CHENNAI, ₹177.50 ,medium,0.06500056,5/1/2023
AJWAN SEED,CHENNAI, ₹181.25 ,medium,0.066681609,6/1/2023
AJWAN SEED,CHENNAI, ₹214.00 ,medium,0.08136277,7/1/2023
AJWAN SEED,CHENNAI, ₹242.50 ,medium,0.094138743,8/1/2023
AJWAN SEED,CHENNAI, ₹214.00 ,medium,0.08136277,9/1/2023
AJWAN SEED,CHENNAI, ₹190.00 ,medium,0.070604057,10/1/2023
AJWAN SEED,CHENNAI, ₹167.50 ,medium,0.060517763,11/1/2023
AJWAN SEED,CHENNAI, ₹180.00 ,medium,0.06612126,12/1/2023
CASSIA,CHENNAI, ₹245.00 ,medium,0.095259442,1/1/2021
CASSIA,CHENNAI, ₹245.00 ,medium,0.095259442,2/1/2021
CASSIA,CHENNAI, ₹245.00 ,medium,0.095259442,3/1/2021
CASSIA,CHENNAI, ₹243.00 ,medium,0.094362882,4/1/2021
CASSIA,CHENNAI, ₹246.87 ,medium,0.096097725,5/1/2021
CASSIA,CHENNAI, ₹560.00 ,medium,0.236467556,6/1/2021
CASSIA,CHENNAI, ₹275.00 ,medium,0.108707834,7/1/2021
CASSIA,CHENNAI, ₹267.50 ,medium,0.105345736,8/1/2021
CASSIA,CHENNAI, ₹265.00 ,medium,0.104225036,9/1/2021
CASSIA,CHENNAI, ₹295.00 ,medium,0.117673428,10/1/2021
CASSIA,CHENNAI, ₹280.00 ,medium,0.110949232,11/1/2021
CASSIA,CHENNAI, ₹280.63 ,medium,0.111231649,12/1/2021
CASSIA,CHENNAI, ₹284.00 ,medium,0.112742351,1/1/2022
CASSIA,CHENNAI, ₹281.25 ,medium,0.111509582,2/1/2022
CASSIA,CHENNAI, ₹280.00 ,medium,0.110949232,3/1/2022
CASSIA,CHENNAI, ₹280.00 ,medium,0.110949232,4/1/2022
CASSIA,CHENNAI, ₹281.87 ,medium,0.111787515,5/1/2022
CASSIA,CHENNAI, ₹280.00 ,medium,0.110949232,6/1/2022
CASSIA,CHENNAI, ₹280.00 ,medium,0.110949232,7/1/2022
CASSIA,CHENNAI, ₹277.87 ,medium,0.109994397,8/1/2022
CASSIA,CHENNAI, ₹273.50 ,medium,0.108035414,9/1/2022
CASSIA,CHENNAI, ₹293.75 ,medium,0.117113079,10/1/2022
CASSIA,CHENNAI, ₹296.25 ,medium,0.118233778,11/1/2022
CASSIA,CHENNAI, ₹284.00 ,medium,0.112742351,12/1/2022
CASSIA,CHENNAI, ₹297.50 ,medium,0.118794128,1/1/2023
CASSIA,CHENNAI, ₹281.87 ,medium,0.111787515,2/1/2023
CASSIA,CHENNAI, ₹264.00 ,medium,0.103776757,3/1/2023
CASSIA,CHENNAI, ₹258.75 ,medium,0.101423288,4/1/2023
CASSIA,CHENNAI, ₹255.00 ,medium,0.099742239,5/1/2023
CASSIA,CHENNAI, ₹256.25 ,medium,0.100302589,6/1/2023
CASSIA,CHENNAI, ₹272.50 ,medium,0.107587134,7/1/2023
CASSIA,CHENNAI, ₹247.50 ,medium,0.096380141,8/1/2023
CASSIA,CHENNAI, ₹253.50 ,medium,0.09906982,9/1/2023
CASSIA,CHENNAI, ₹285.00 ,medium,0.113190631,10/1/2023
CASSIA,CHENNAI, ₹261.25 ,medium,0.102543987,11/1/2023
CASSIA,CHENNAI, ₹291.00 ,medium,0.115880309,12/1/2023
CORIANDER,CHENNAI, ₹129.62 ,medium,0.043536927,4/1/2022
CORIANDER,CHENNAI, ₹133.75 ,medium,0.045388322,5/1/2022
CORIANDER,CHENNAI, ₹131.66 ,medium,0.044451418,6/1/2022
CORIANDER,CHENNAI, ₹131.00 ,medium,0.044155553,7/1/2022
CORIANDER,CHENNAI, ₹132.50 ,medium,0.044827973,8/1/2022
CORIANDER,CHENNAI, ₹134.00 ,medium,0.045500392,9/1/2022
CORIANDER,CHENNAI, ₹126.25 ,medium,0.042026224,10/1/2022
CORIANDER,CHENNAI, ₹127.37 ,medium,0.042528298,11/1/2022
CUMIN,CHENNAI, ₹148.75 ,medium,0.052112518,1/1/2021
CUMIN,CHENNAI, ₹145.00 ,medium,0.050431469,2/1/2021
CUMIN,CHENNAI, ₹148.50 ,medium,0.052000448,3/1/2021
CUMIN,CHENNAI, ₹154.10 ,medium,0.054510815,4/1/2021
CUMIN,CHENNAI, ₹154.00 ,medium,0.054465987,5/1/2021
CUMIN,CHENNAI, ₹152.00 ,medium,0.053569427,6/1/2021
CUMIN,CHENNAI, ₹151.40 ,medium,0.053300459,7/1/2021
CUMIN,CHENNAI, ₹162.50 ,medium,0.058276364,8/1/2021
CUMIN,CHENNAI, ₹172.00 ,medium,0.062535022,9/1/2021
CUMIN,CHENNAI, ₹165.00 ,medium,0.059397064,10/1/2021
CUMIN,CHENNAI, ₹168.75 ,medium,0.061078113,11/1/2021
CUMIN,CHENNAI, ₹173.12 ,medium,0.063037095,12/1/2021
CUMIN,CHENNAI, ₹200.00 ,medium,0.075086854,1/1/2022
CUMIN,CHENNAI, ₹223.75 ,medium,0.085733498,2/1/2022
CUMIN,CHENNAI, ₹236.50 ,medium,0.091449064,3/1/2022
CUMIN,CHENNAI, ₹255.00 ,medium,0.099742239,4/1/2022
CUMIN,CHENNAI, ₹268.75 ,medium,0.105906085,5/1/2022
CUMIN,CHENNAI, ₹270.00 ,medium,0.106466435,6/1/2022
CUMIN,CHENNAI, ₹274.50 ,medium,0.108483694,7/1/2022
CUMIN,CHENNAI, ₹280.00 ,medium,0.110949232,8/1/2022
CUMIN,CHENNAI, ₹272.00 ,medium,0.107362995,9/1/2022
CUMIN,CHENNAI, ₹273.12 ,medium,0.107865068,10/1/2022
CUMIN,CHENNAI, ₹280.00 ,medium,0.110949232,11/1/2022
CUMIN,CHENNAI, ₹317.00 ,medium,0.127535582,12/1/2022
CUMIN,CHENNAI, ₹372.50 ,medium,0.152415107,1/1/2023
CUMIN,CHENNAI, ₹367.50 ,medium,0.150173708,2/1/2023
CUMIN,CHENNAI, ₹384.00 ,medium,0.157570324,3/1/2023
CUMIN,CHENNAI, ₹445.00 ,medium,0.184915387,4/1/2023
CUMIN,CHENNAI, ₹438.75 ,medium,0.182113639,5/1/2023
CUMIN,CHENNAI, ₹557.50 ,medium,0.235346856,6/1/2023
CUMIN,CHENNAI, ₹551.25 ,medium,0.232545108,11/1/2023
FENNEL,CHENNAI, ₹123.20 ,medium,0.040658971,7/1/2021
FENNEL,CHENNAI, ₹124.75 ,medium,0.041353805,8/1/2021
FENNEL,CHENNAI, ₹152.87 ,medium,0.053959431,9/1/2021
FENNEL,CHENNAI, ₹147.50 ,medium,0.051552169,10/1/2021
FENNEL,CHENNAI, ₹155.00 ,medium,0.054914267,11/1/2021
FENNEL,CHENNAI, ₹155.00 ,medium,0.054914267,12/1/2021
FENNEL,CHENNAI, ₹155.00 ,medium,0.054914267,1/1/2022
FENNEL,CHENNAI, ₹158.00 ,medium,0.056259106,2/1/2022
FENNEL,CHENNAI, ₹167.50 ,medium,0.060517763,3/1/2022
FENNEL,CHENNAI, ₹165.00 ,medium,0.059397064,4/1/2022
FENNEL,CHENNAI, ₹140.00 ,medium,0.048190071,5/1/2022
FENNEL,CHENNAI, ₹131.66 ,medium,0.044451418,6/1/2022
FENNEL,CHENNAI, ₹150.75 ,medium,0.053009078,7/1/2022
FENNEL,CHENNAI, ₹178.25 ,medium,0.06533677,8/1/2022
FENNEL,CHENNAI, ₹178.00 ,medium,0.0652247,9/1/2022
FENNEL,CHENNAI, ₹205.00 ,medium,0.077328253,10/1/2022
FENNEL,CHENNAI, ₹199.37 ,medium,0.074804438,11/1/2022
FENNEL,CHENNAI, ₹215.00 ,medium,0.08181105,12/1/2022
FENNEL,CHENNAI, ₹227.50 ,medium,0.087414547,1/1/2023
FENNEL,CHENNAI, ₹216.25 ,medium,0.0823714,2/1/2023
FENNEL,CHENNAI, ₹241.50 ,medium,0.093690463,3/1/2023
FENNEL,CHENNAI, ₹223.33 ,medium,0.08554522,4/1/2023
FENNEL,CHENNAI, ₹246.25 ,medium,0.095819792,5/1/2023
FENNEL,CHENNAI, ₹275.00 ,medium,0.108707834,6/1/2023
FENNEL,CHENNAI, ₹326.00 ,medium,0.1315701,7/1/2023
FENNEL,CHENNAI, ₹331.25 ,medium,0.133923568,8/1/2023
FENNEL,CHENNAI, ₹280.00 ,medium,0.110949232,9/1/2023
FENNEL,CHENNAI, ₹247.50 ,medium,0.096380141,10/1/2023
FENNEL,CHENNAI, ₹230.00 ,medium,0.088535246,11/1/2023
FENNEL,CHENNAI, ₹280.50 ,medium,0.111173372,12/1/2023
TAMARIND,CHENNAI, ₹155.00 ,medium,0.054914267,1/1/2021
TAMARIND,CHENNAI, ₹147.50 ,medium,0.051552169,2/1/2021
TAMARIND,CHENNAI, ₹142.50 ,medium,0.04931077,3/1/2021
TAMARIND,CHENNAI, ₹129.00 ,medium,0.043258994,4/1/2021
TAMARIND,CHENNAI, ₹148.75 ,medium,0.052112518,5/1/2021
TAMARIND,CHENNAI, ₹151.67 ,medium,0.053421495,6/1/2021
TAMARIND,CHENNAI, ₹152.00 ,medium,0.053569427,7/1/2021
TAMARIND,CHENNAI, ₹126.25 ,medium,0.042026224,8/1/2021
TAMARIND,CHENNAI, ₹123.75 ,medium,0.040905525,9/1/2021
TAMARIND,CHENNAI, ₹125.00 ,medium,0.041465875,10/1/2021
TAMARIND,CHENNAI, ₹126.25 ,medium,0.042026224,11/1/2021
TAMARIND,CHENNAI, ₹130.00 ,medium,0.043707273,12/1/2021
TAMARIND,CHENNAI, ₹135.62 ,medium,0.046226605,1/1/2022
TAMARIND,CHENNAI, ₹133.75 ,medium,0.045388322,2/1/2022
TAMARIND,CHENNAI, ₹133.13 ,medium,0.045110389,3/1/2022
TAMARIND,CHENNAI, ₹126.00 ,medium,0.041914154,4/1/2022
TAMARIND,CHENNAI, ₹132.50 ,medium,0.044827973,5/1/2022
TAMARIND,CHENNAI, ₹148.00 ,medium,0.051776308,7/1/2022
TAMARIND,CHENNAI, ₹131.87 ,medium,0.044545556,2/1/2023
TAMARIND,CHENNAI, ₹146.00 ,medium,0.050879749,3/1/2023
TAMARIND,CHENNAI, ₹127.50 ,medium,0.042586574,4/1/2023
TURMERIC,CHENNAI, ₹125.00 ,medium,0.041465875,2/1/2021
TURMERIC,CHENNAI, ₹125.00 ,medium,0.041465875,3/1/2021
TURMERIC,CHENNAI, ₹125.50 ,medium,0.041690015,4/1/2021
TURMERIC,CHENNAI, ₹123.75 ,medium,0.040905525,5/1/2021
TURMERIC,CHENNAI, ₹124.17 ,medium,0.041093803,6/1/2021
TURMERIC,CHENNAI, ₹125.00 ,medium,0.041465875,3/1/2022
TURMERIC,CHENNAI, ₹145.62 ,medium,0.050709403,8/1/2023
TURMERIC,CHENNAI, ₹144.00 ,medium,0.04998319,9/1/2023
CORIANDER,CHENNAI, ₹597.22 ,high,0.253151861,6/1/2021
CORIANDER,CHENNAI, ₹597.22 ,high,0.253151861,7/1/2021
CUMIN,CHENNAI, ₹665.00 ,high,0.283536927,7/1/2023
CUMIN,CHENNAI, ₹653.75 ,high,0.27849378,8/1/2023
CUMIN,CHENNAI, ₹649.00 ,high,0.276364451,9/1/2023
CUMIN,CHENNAI, ₹597.50 ,high,0.253278046,10/1/2023
CUMIN,CHENNAI, ₹608.00 ,high,0.257984983,12/1/2023
GARLIC,CHENNAI, ₹32.50 ,high,0,9/1/2022
MENTHA OIL,CHENNAI," ₹1,200.90 ",high,0.523770033,1/1/2021
MENTHA OIL,CHENNAI," ₹1,174.10 ",high,0.511756136,2/1/2021
MENTHA OIL,CHENNAI," ₹1,143.60 ",high,0.498083604,3/1/2021
MENTHA OIL,CHENNAI," ₹1,162.50 ",high,0.506556091,4/1/2021
MENTHA OIL,CHENNAI," ₹1,175.00 ",high,0.512159588,5/1/2021
MENTHA OIL,CHENNAI," ₹1,120.00 ",high,0.487504203,6/1/2021
MENTHA OIL,CHENNAI," ₹1,178.00 ",high,0.513504427,7/1/2021
MENTHA OIL,CHENNAI," ₹1,154.90 ",high,0.503149165,8/1/2021
MENTHA OIL,CHENNAI," ₹1,132.00 ",high,0.492883559,9/1/2021
MENTHA OIL,CHENNAI," ₹1,131.00 ",high,0.49243528,10/1/2021
MENTHA OIL,CHENNAI," ₹1,142.00 ",high,0.497366357,11/1/2021
MENTHA OIL,CHENNAI," ₹1,137.90 ",high,0.49552841,12/1/2021
MENTHA OIL,CHENNAI," ₹1,109.40 ",high,0.482752438,1/1/2022
MENTHA OIL,CHENNAI," ₹1,172.80 ",high,0.511173372,2/1/2022
MENTHA OIL,CHENNAI," ₹1,195.90 ",high,0.521528634,3/1/2022
MENTHA OIL,CHENNAI," ₹1,100.00 ",high,0.478538608,4/1/2022
MENTHA OIL,CHENNAI," ₹1,072.00 ",high,0.465986776,5/1/2022
MENTHA OIL,CHENNAI," ₹1,048.00 ",high,0.455228062,6/1/2022
MENTHA OIL,CHENNAI," ₹1,017.40 ",high,0.441510703,7/1/2022
MENTHA OIL,CHENNAI," ₹1,017.00 ",high,0.441331391,8/1/2022
MENTHA OIL,CHENNAI, ₹975.20 ,high,0.422593298,9/1/2022
MENTHA OIL,CHENNAI, ₹990.00 ,high,0.429227838,10/1/2022
MENTHA OIL,CHENNAI, ₹987.00 ,high,0.427882999,11/1/2022
MENTHA OIL,CHENNAI, ₹951.90 ,high,0.412148381,12/1/2022
MENTHA OIL,CHENNAI," ₹1,017.40 ",high,0.441510703,1/1/2023
MENTHA OIL,CHENNAI," ₹1,046.00 ",high,0.454331503,2/1/2023
MENTHA OIL,CHENNAI," ₹1,042.00 ",high,0.452538384,3/1/2023
POPPY SEED,CHENNAI," ₹1,275.00 ",high,0.55698756,1/1/2021
POPPY SEED,CHENNAI," ₹1,275.00 ",high,0.55698756,2/1/2021
POPPY SEED,CHENNAI," ₹1,281.25 ",high,0.559789309,3/1/2021
POPPY SEED,CHENNAI," ₹1,382.00 ",high,0.604953491,4/1/2021
POPPY SEED,CHENNAI," ₹1,502.00 ",high,0.658747058,5/1/2021
POPPY SEED,CHENNAI," ₹1,520.00 ",high,0.666816093,6/1/2021
POPPY SEED,CHENNAI," ₹1,550.00 ",high,0.680264485,7/1/2021
POPPY SEED,CHENNAI," ₹1,650.00 ",high,0.725092458,8/1/2021
POPPY SEED,CHENNAI," ₹1,750.00 ",high,0.76992043,9/1/2021
POPPY SEED,CHENNAI," ₹1,630.00 ",high,0.716126863,10/1/2021
POPPY SEED,CHENNAI," ₹1,600.00 ",high,0.702678471,11/1/2021
POPPY SEED,CHENNAI," ₹1,575.00 ",high,0.691471478,12/1/2021
POPPY SEED,CHENNAI," ₹1,500.00 ",high,0.657850499,1/1/2022
POPPY SEED,CHENNAI," ₹1,562.50 ",high,0.685867982,2/1/2022
POPPY SEED,CHENNAI," ₹1,645.00 ",high,0.722851059,3/1/2022
POPPY SEED,CHENNAI," ₹1,740.00 ",high,0.765437633,4/1/2022
POPPY SEED,CHENNAI," ₹1,462.50 ",high,0.641040009,5/1/2022
POPPY SEED,CHENNAI," ₹1,250.00 ",high,0.545780567,6/1/2022
POPPY SEED,CHENNAI," ₹1,122.50 ",high,0.488624902,7/1/2022
POPPY SEED,CHENNAI," ₹1,206.25 ",high,0.526168329,8/1/2022
POPPY SEED,CHENNAI," ₹1,373.00 ",high,0.600918973,9/1/2022
POPPY SEED,CHENNAI," ₹1,378.75 ",high,0.603496582,10/1/2022
POPPY SEED,CHENNAI," ₹1,401.25 ",high,0.613582876,11/1/2022
POPPY SEED,CHENNAI," ₹1,370.00 ",high,0.599574134,12/1/2022
POPPY SEED,CHENNAI," ₹1,537.50 ",high,0.674660988,1/1/2023
POPPY SEED,CHENNAI," ₹1,425.00 ",high,0.624229519,2/1/2023
POPPY SEED,CHENNAI," ₹1,310.00 ",high,0.572677351,3/1/2023
POPPY SEED,CHENNAI," ₹1,237.50 ",high,0.54017707,4/1/2023
POPPY SEED,CHENNAI," ₹1,210.00 ",high,0.527849378,5/1/2023
POPPY SEED,CHENNAI," ₹1,108.75 ",high,0.482461056,6/1/2023
POPPY SEED,CHENNAI," ₹1,385.00 ",high,0.60629833,7/1/2023
POPPY SEED,CHENNAI," ₹1,400.00 ",high,0.613022526,8/1/2023
POPPY SEED,CHENNAI," ₹1,455.00 ",high,0.637677911,9/1/2023
POPPY SEED,CHENNAI," ₹1,518.75 ",high,0.666255744,10/1/2023
POPPY SEED,CHENNAI," ₹1,500.00 ",high,0.657850499,11/1/2023
POPPY SEED,CHENNAI," ₹1,440.00 ",high,0.630953715,12/1/2023
CHILLIES,INDIA, ₹104.70 ,low,0.032365796,4/1/2021
CHILLIES,INDIA, ₹94.25 ,low,0.027681273,7/1/2021
CHILLIES,INDIA, ₹100.41 ,low,0.030442676,8/1/2021
CHILLIES,INDIA, ₹105.60 ,low,0.032769248,9/1/2021
CHILLIES,INDIA, ₹102.40 ,low,0.031334753,10/1/2021
CHILLIES,INDIA, ₹99.63 ,low,0.030093018,11/1/2021
CHILLIES,INDIA, ₹118.06 ,low,0.038354813,12/1/2021
CHILLIES,INDIA, ₹123.44 ,medium,0.040766558,1/1/2022
CHILLIES,INDIA, ₹139.24 ,medium,0.047849378,2/1/2022
CHILLIES,INDIA, ₹138.93 ,medium,0.047710411,3/1/2022
CHILLIES,INDIA, ₹142.40 ,medium,0.049265942,4/1/2022
CHILLIES,INDIA, ₹140.13 ,medium,0.048248347,5/1/2022
CHILLIES,INDIA, ₹147.50 ,medium,0.051552169,6/1/2022
CHILLIES,INDIA, ₹159.00 ,medium,0.056707385,7/1/2022
CHILLIES,INDIA, ₹175.43 ,medium,0.064072621,8/1/2022
CHILLIES,INDIA, ₹167.65 ,medium,0.060585005,9/1/2022
CHILLIES,INDIA, ₹180.43 ,medium,0.06631402,10/1/2022
CHILLIES,INDIA, ₹184.18 ,medium,0.067995069,11/1/2022
CHILLIES,INDIA, ₹181.00 ,medium,0.066569539,12/1/2022
CHILLIES,INDIA, ₹179.37 ,medium,0.065838843,1/1/2023
CHILLIES,INDIA, ₹148.75 ,medium,0.052112518,2/1/2023
CHILLIES,INDIA, ₹170.50 ,medium,0.061862602,3/1/2023
CHILLIES,INDIA, ₹172.50 ,medium,0.062759162,4/1/2023
CHILLIES,INDIA, ₹168.75 ,medium,0.061078113,5/1/2023
CHILLIES,INDIA, ₹165.75 ,medium,0.059733274,6/1/2023
CHILLIES,INDIA, ₹167.33 ,medium,0.060441556,7/1/2023
CHILLIES,INDIA, ₹166.43 ,medium,0.060038104,8/1/2023
CHILLIES,INDIA, ₹166.66 ,medium,0.060141208,9/1/2023
CHILLIES,INDIA, ₹165.81 ,medium,0.05976017,10/1/2023
CHILLIES,INDIA, ₹161.56 ,medium,0.057854982,11/1/2023
CHILLIES,INDIA, ₹157.40 ,medium,0.055990138,12/1/2023
CARDAMOM(SMALL)AGB,INDIA," ₹1,855.00 ",high,0.816989802,1/1/2021
CARDAMOM(SMALL)AGB,INDIA," ₹1,617.50 ",high,0.710523367,2/1/2021
CARDAMOM(SMALL)AGB,INDIA," ₹1,580.00 ",high,0.693712877,3/1/2021
CARDAMOM(SMALL)AGB,INDIA," ₹1,305.00 ",high,0.570435952,4/1/2021
CARDAMOM(SMALL)AGB,INDIA," ₹1,180.00 ",high,0.514400986,5/1/2021
CARDAMOM(SMALL)AGB,INDIA," ₹1,142.50 ",high,0.497590496,6/1/2021
CARDAMOM(SMALL)AGB,INDIA," ₹1,185.00 ",high,0.516642385,7/1/2021
CARDAMOM(SMALL)AGB,INDIA," ₹1,342.50 ",high,0.587246442,8/1/2021
CARDAMOM(SMALL)AGB,INDIA," ₹1,230.00 ",high,0.536814973,9/1/2021
CARDAMOM(SMALL)AGB,INDIA," ₹1,205.00 ",high,0.525607979,10/1/2021
CARDAMOM(SMALL)AGB,INDIA," ₹1,338.33 ",high,0.585377115,11/1/2021
CARDAMOM(SMALL)AGB,INDIA," ₹1,255.00 ",high,0.548021966,12/1/2021
CARDAMOM(SMALL)AGB,INDIA," ₹1,125.00 ",high,0.489745601,1/1/2022
CARDAMOM(SMALL)AGB,INDIA," ₹1,205.00 ",high,0.525607979,2/1/2022
CARDAMOM(SMALL)AGB,INDIA," ₹1,205.00 ",high,0.525607979,3/1/2022
CARDAMOM(SMALL)AGB,INDIA," ₹1,705.00 ",high,0.749747843,4/1/2022
CARDAMOM(SMALL)AGB,INDIA," ₹1,455.00 ",high,0.637677911,5/1/2022
CARDAMOM(SMALL)AGB,INDIA," ₹1,455.00 ",high,0.637677911,6/1/2022
CARDAMOM(SMALL)AGB,INDIA," ₹1,725.00 ",high,0.758713437,7/1/2022
CARDAMOM(SMALL)AGB,INDIA," ₹1,342.50 ",high,0.587246442,8/1/2022
CARDAMOM(SMALL)AGB,INDIA," ₹1,245.00 ",high,0.543539168,9/1/2022
CARDAMOM(SMALL)AGB,INDIA," ₹1,260.00 ",high,0.550263364,10/1/2022
CARDAMOM(SMALL)AGB,INDIA," ₹1,155.00 ",high,0.503193993,11/1/2022
CARDAMOM(SMALL)AGB,INDIA," ₹1,115.00 ",high,0.485262804,12/1/2022
CARDAMOM(SMALL)AGB,INDIA," ₹1,330.00 ",high,0.581642945,1/1/2023
CARDAMOM(SMALL)AGB,INDIA," ₹1,755.00 ",high,0.772161829,2/1/2023
CARDAMOM(SMALL)AGB,INDIA," ₹1,945.00 ",high,0.857334977,3/1/2023
CARDAMOM(SMALL)AGB,INDIA," ₹1,705.00 ",high,0.749747843,4/1/2023
CARDAMOM(SMALL)AGB,INDIA," ₹1,455.00 ",high,0.637677911,5/1/2023
CARDAMOM(SMALL)AGB,INDIA," ₹1,455.00 ",high,0.637677911,6/1/2023
CARDAMOM(SMALL)AGB,INDIA," ₹1,725.00 ",high,0.758713437,7/1/2023
CARDAMOM(SMALL)AGB,INDIA," ₹2,263.25 ",high,1,8/1/2023
CARDAMOM(SMALL)AGB,INDIA," ₹2,263.25 ",high,1,9/1/2023
CARDAMOM(SMALL)AGB,INDIA," ₹2,055.00 ",high,0.906645747,10/1/2023
CARDAMOM(SMALL)AGB,INDIA," ₹1,990.00 ",high,0.877507565,11/1/2023
CARDAMOM(SMALL)AGB,INDIA," ₹2,263.25 ",high,1,12/1/2023
CARDAMOM(SMALL)AGEB,INDIA," ₹1,955.00 ",high,0.861817774,1/1/2021
CARDAMOM(SMALL)AGEB,INDIA," ₹1,792.50 ",high,0.788972319,2/1/2021
CARDAMOM(SMALL)AGEB,INDIA," ₹1,830.00 ",high,0.805782808,3/1/2021
CARDAMOM(SMALL)AGEB,INDIA," ₹1,399.00 ",high,0.612574246,4/1/2021
CARDAMOM(SMALL)AGEB,INDIA," ₹1,305.00 ",high,0.570435952,5/1/2021
CARDAMOM(SMALL)AGEB,INDIA," ₹1,242.50 ",high,0.542418469,6/1/2021
CARDAMOM(SMALL)AGEB,INDIA," ₹1,285.00 ",high,0.561470358,7/1/2021
CARDAMOM(SMALL)AGEB,INDIA," ₹1,592.50 ",high,0.699316373,8/1/2021
CARDAMOM(SMALL)AGEB,INDIA," ₹1,492.50 ",high,0.654488401,9/1/2021
CARDAMOM(SMALL)AGEB,INDIA," ₹1,465.00 ",high,0.642160708,10/1/2021
CARDAMOM(SMALL)AGEB,INDIA," ₹1,538.33 ",high,0.675033061,11/1/2021
CARDAMOM(SMALL)AGEB,INDIA," ₹1,455.00 ",high,0.637677911,12/1/2021
CARDAMOM(SMALL)AGEB,INDIA," ₹1,225.00 ",high,0.534573574,1/1/2022
CARDAMOM(SMALL)AGEB,INDIA," ₹1,292.50 ",high,0.564832455,2/1/2022
CARDAMOM(SMALL)AGEB,INDIA," ₹1,310.00 ",high,0.572677351,3/1/2022
CARDAMOM(SMALL)AGEB,INDIA," ₹1,935.00 ",high,0.85285218,4/1/2022
CARDAMOM(SMALL)AGEB,INDIA," ₹1,650.00 ",high,0.725092458,5/1/2022
CARDAMOM(SMALL)AGEB,INDIA," ₹1,675.00 ",high,0.736299451,6/1/2022
CARDAMOM(SMALL)AGEB,INDIA," ₹1,953.00 ",high,0.860921215,7/1/2022
CARDAMOM(SMALL)AGEB,INDIA," ₹1,455.00 ",high,0.637677911,8/1/2022
CARDAMOM(SMALL)AGEB,INDIA," ₹1,355.00 ",high,0.592849938,9/1/2022
CARDAMOM(SMALL)AGEB,INDIA," ₹1,360.00 ",high,0.595091337,10/1/2022
CARDAMOM(SMALL)AGEB,INDIA," ₹1,327.50 ",high,0.580522246,11/1/2022
CARDAMOM(SMALL)AGEB,INDIA," ₹1,296.00 ",high,0.566401434,12/1/2022
CARDAMOM(SMALL)AGEB,INDIA," ₹1,530.00 ",high,0.671298891,1/1/2023
CARDAMOM(SMALL)AGEB,INDIA," ₹2,017.50 ",high,0.889835257,2/1/2023
CARDAMOM(SMALL)AGEB,INDIA," ₹2,165.00 ",high,0.955956517,3/1/2023
CARDAMOM(SMALL)AGEB,INDIA," ₹1,935.00 ",high,0.85285218,4/1/2023
CARDAMOM(SMALL)AGEB,INDIA," ₹1,650.00 ",high,0.725092458,5/1/2023
CARDAMOM(SMALL)AGEB,INDIA," ₹1,675.00 ",high,0.736299451,6/1/2023
CARDAMOM(SMALL)AGEB,INDIA," ₹1,953.00 ",high,0.860921215,7/1/2023
CARDAMOM(SMALL)AGEB,INDIA," ₹2,263.25 ",high,1,8/1/2023
CARDAMOM(SMALL)AGEB,INDIA," ₹2,263.25 ",high,1,9/1/2023
CARDAMOM(SMALL)AGEB,INDIA," ₹2,263.25 ",high,1,10/1/2023
CARDAMOM(SMALL)AGEB,INDIA," ₹2,032.50 ",high,0.896559453,11/1/2023
CARDAMOM(SMALL)AGEB,INDIA," ₹2,217.00 ",high,0.979267063,12/1/2023
CARDAMOM(SMALL)AGS,INDIA," ₹1,755.00 ",high,0.772161829,1/1/2021
CARDAMOM(SMALL)AGS,INDIA," ₹1,517.50 ",high,0.665695394,2/1/2021
CARDAMOM(SMALL)AGS,INDIA," ₹1,455.00 ",high,0.637677911,3/1/2021
CARDAMOM(SMALL)AGS,INDIA," ₹1,185.00 ",high,0.516642385,4/1/2021
CARDAMOM(SMALL)AGS,INDIA," ₹1,005.00 ",high,0.435952034,5/1/2021
CARDAMOM(SMALL)AGS,INDIA," ₹1,042.50 ",high,0.452762524,6/1/2021
CARDAMOM(SMALL)AGS,INDIA," ₹1,085.00 ",high,0.471814412,7/1/2021
CARDAMOM(SMALL)AGS,INDIA," ₹1,080.00 ",high,0.469573014,8/1/2021
CARDAMOM(SMALL)AGS,INDIA," ₹1,130.00 ",high,0.491987,9/1/2021
CARDAMOM(SMALL)AGS,INDIA," ₹1,105.00 ",high,0.480780007,10/1/2021
CARDAMOM(SMALL)AGS,INDIA," ₹1,205.00 ",high,0.525607979,11/1/2021
CARDAMOM(SMALL)AGS,INDIA," ₹1,055.00 ",high,0.45836602,12/1/2021
CARDAMOM(SMALL)AGS,INDIA," ₹1,005.00 ",high,0.435952034,1/1/2022
CARDAMOM(SMALL)AGS,INDIA," ₹1,105.00 ",high,0.480780007,2/1/2022
CARDAMOM(SMALL)AGS,INDIA," ₹1,105.00 ",high,0.480780007,3/1/2022
CARDAMOM(SMALL)AGS,INDIA," ₹1,505.00 ",high,0.660091897,4/1/2022
CARDAMOM(SMALL)AGS,INDIA," ₹1,255.00 ",high,0.548021966,5/1/2022
CARDAMOM(SMALL)AGS,INDIA," ₹1,255.00 ",high,0.548021966,6/1/2022
CARDAMOM(SMALL)AGS,INDIA," ₹1,465.00 ",high,0.642160708,7/1/2022
CARDAMOM(SMALL)AGS,INDIA," ₹1,192.50 ",high,0.520004483,8/1/2022
CARDAMOM(SMALL)AGS,INDIA," ₹1,085.00 ",high,0.471814412,9/1/2022
CARDAMOM(SMALL)AGS,INDIA," ₹1,155.00 ",high,0.503193993,10/1/2022
CARDAMOM(SMALL)AGS,INDIA," ₹1,055.00 ",high,0.45836602,11/1/2022
CARDAMOM(SMALL)AGS,INDIA," ₹1,015.00 ",high,0.440434831,12/1/2022
CARDAMOM(SMALL)AGS,INDIA," ₹1,180.00 ",high,0.514400986,1/1/2023
CARDAMOM(SMALL)AGS,INDIA," ₹1,505.00 ",high,0.660091897,2/1/2023
CARDAMOM(SMALL)AGS,INDIA," ₹1,685.00 ",high,0.740782248,3/1/2023
CARDAMOM(SMALL)AGS,INDIA," ₹1,505.00 ",high,0.660091897,4/1/2023
CARDAMOM(SMALL)AGS,INDIA," ₹1,255.00 ",high,0.548021966,5/1/2023
CARDAMOM(SMALL)AGS,INDIA," ₹1,255.00 ",high,0.548021966,6/1/2023
CARDAMOM(SMALL)AGS,INDIA," ₹1,465.00 ",high,0.642160708,7/1/2023
CARDAMOM(SMALL)AGS,INDIA," ₹2,072.50 ",high,0.914490642,8/1/2023
CARDAMOM(SMALL)AGS,INDIA," ₹1,895.00 ",high,0.834920991,9/1/2023
CARDAMOM(SMALL)AGS,INDIA," ₹1,795.00 ",high,0.790093018,10/1/2023
CARDAMOM(SMALL)AGS,INDIA," ₹1,530.00 ",high,0.671298891,11/1/2023
CARDAMOM(SMALL)AGS,INDIA," ₹1,651.00 ",high,0.725540737,12/1/2023
CARDAMOM(SMALL)AGS1,INDIA," ₹1,655.00 ",high,0.727333856,1/1/2021
CARDAMOM(SMALL)AGS1,INDIA," ₹1,417.50 ",high,0.620867421,2/1/2021
CARDAMOM(SMALL)AGS1,INDIA," ₹1,367.50 ",high,0.598453435,3/1/2021
CARDAMOM(SMALL)AGS1,INDIA, ₹897.00 ,high,0.387537824,4/1/2021
CARDAMOM(SMALL)AGS1,INDIA, ₹825.00 ,high,0.355261683,5/1/2021
CARDAMOM(SMALL)AGS1,INDIA, ₹790.00 ,high,0.339571893,6/1/2021
CARDAMOM(SMALL)AGS1,INDIA, ₹815.00 ,high,0.350778886,7/1/2021
CARDAMOM(SMALL)AGS1,INDIA," ₹1,022.20 ",high,0.443662445,8/1/2021
CARDAMOM(SMALL)AGS1,INDIA," ₹1,055.00 ",high,0.45836602,9/1/2021
CARDAMOM(SMALL)AGS1,INDIA," ₹1,025.00 ",high,0.444917629,10/1/2021
CARDAMOM(SMALL)AGS1,INDIA," ₹1,038.33 ",high,0.450893197,11/1/2021
CARDAMOM(SMALL)AGS1,INDIA, ₹967.50 ,high,0.419141544,12/1/2021
CARDAMOM(SMALL)AGS1,INDIA, ₹841.00 ,high,0.362434159,1/1/2022
CARDAMOM(SMALL)AGS1,INDIA, ₹907.50 ,high,0.392244761,2/1/2022
CARDAMOM(SMALL)AGS1,INDIA, ₹890.00 ,high,0.384399866,3/1/2022
CARDAMOM(SMALL)AGS1,INDIA," ₹1,275.00 ",high,0.55698756,4/1/2022
CARDAMOM(SMALL)AGS1,INDIA," ₹1,062.50 ",high,0.461728118,5/1/2022
CARDAMOM(SMALL)AGS1,INDIA," ₹1,077.50 ",high,0.468452314,6/1/2022
CARDAMOM(SMALL)AGS1,INDIA," ₹1,327.00 ",high,0.580298106,7/1/2022
CARDAMOM(SMALL)AGS1,INDIA, ₹980.00 ,high,0.424745041,8/1/2022
CARDAMOM(SMALL)AGS1,INDIA, ₹925.00 ,high,0.400089656,9/1/2022
CARDAMOM(SMALL)AGS1,INDIA, ₹950.00 ,high,0.411296649,10/1/2022
CARDAMOM(SMALL)AGS1,INDIA, ₹852.50 ,high,0.367589376,11/1/2022
CARDAMOM(SMALL)AGS1,INDIA, ₹839.00 ,high,0.361537599,12/1/2022
CARDAMOM(SMALL)AGS1,INDIA, ₹972.50 ,high,0.421382943,1/1/2023
CARDAMOM(SMALL)AGS1,INDIA," ₹1,305.00 ",high,0.570435952,2/1/2023
CARDAMOM(SMALL)AGS1,INDIA," ₹1,387.00 ",high,0.60719489,3/1/2023
CARDAMOM(SMALL)AGS1,INDIA," ₹1,275.00 ",high,0.55698756,4/1/2023
CARDAMOM(SMALL)AGS1,INDIA," ₹1,062.50 ",high,0.461728118,5/1/2023
CARDAMOM(SMALL)AGS1,INDIA," ₹1,077.50 ",high,0.468452314,6/1/2023
CARDAMOM(SMALL)AGS1,INDIA," ₹1,327.00 ",high,0.580298106,7/1/2023
CARDAMOM(SMALL)AGS1,INDIA," ₹1,902.50 ",high,0.838283089,8/1/2023
CARDAMOM(SMALL)AGS1,INDIA," ₹1,823.00 ",high,0.80264485,9/1/2023
CARDAMOM(SMALL)AGS1,INDIA," ₹1,645.00 ",high,0.722851059,10/1/2023
CARDAMOM(SMALL)AGS1,INDIA," ₹1,457.50 ",high,0.63879861,11/1/2023
CARDAMOM(SMALL)AGS1,INDIA," ₹1,996.25 ",high,0.880309313,12/1/2023
CARDAMOM(SMALL)UG,INDIA," ₹1,613.52 ",high,0.708739213,1/1/2021
CARDAMOM(SMALL)UG,INDIA," ₹1,455.33 ",high,0.637825843,2/1/2021
CARDAMOM(SMALL)UG,INDIA," ₹1,358.18 ",high,0.594275468,3/1/2021
CARDAMOM(SMALL)UG,INDIA, ₹903.35 ,high,0.3903844,4/1/2021
CARDAMOM(SMALL)UG,INDIA, ₹816.46 ,high,0.351433374,5/1/2021
CARDAMOM(SMALL)UG,INDIA, ₹834.44 ,high,0.359493444,6/1/2021
CARDAMOM(SMALL)UG,INDIA, ₹888.49 ,high,0.383722963,7/1/2021
CARDAMOM(SMALL)UG,INDIA," ₹1,066.06 ",high,0.463323994,8/1/2021
CARDAMOM(SMALL)UG,INDIA," ₹1,055.86 ",high,0.458751541,9/1/2021
CARDAMOM(SMALL)UG,INDIA," ₹1,013.06 ",high,0.439565169,10/1/2021
CARDAMOM(SMALL)UG,INDIA," ₹1,045.17 ",high,0.453959431,11/1/2021
CARDAMOM(SMALL)UG,INDIA, ₹947.16 ,high,0.410023535,12/1/2021
CARDAMOM(SMALL)UG,INDIA, ₹885.30 ,high,0.382292951,1/1/2022
CARDAMOM(SMALL)UG,INDIA, ₹913.48 ,high,0.394925473,2/1/2022
CARDAMOM(SMALL)UG,INDIA, ₹897.18 ,high,0.387618514,3/1/2022
CARDAMOM(SMALL)UG,INDIA," ₹1,276.68 ",high,0.55774067,4/1/2022
CARDAMOM(SMALL)UG,INDIA," ₹1,061.51 ",high,0.461284321,5/1/2022
CARDAMOM(SMALL)UG,INDIA," ₹1,128.88 ",high,0.491484927,6/1/2022
CARDAMOM(SMALL)UG,INDIA," ₹1,388.21 ",high,0.607737308,7/1/2022
CARDAMOM(SMALL)UG,INDIA, ₹973.91 ,high,0.422015017,8/1/2022
CARDAMOM(SMALL)UG,INDIA," ₹1,000.99 ",high,0.434154432,9/1/2022
CARDAMOM(SMALL)UG,INDIA, ₹945.24 ,high,0.409162838,10/1/2022
CARDAMOM(SMALL)UG,INDIA, ₹895.47 ,high,0.386851956,11/1/2022
CARDAMOM(SMALL)UG,INDIA, ₹861.62 ,high,0.371677687,12/1/2022
CARDAMOM(SMALL)UG,INDIA," ₹1,017.55 ",high,0.441577945,1/1/2023
CARDAMOM(SMALL)UG,INDIA," ₹1,385.93 ",high,0.60671523,2/1/2023
CARDAMOM(SMALL)UG,INDIA," ₹1,433.62 ",high,0.62809369,3/1/2023
CARDAMOM(SMALL)UG,INDIA," ₹1,276.68 ",high,0.55774067,4/1/2023
CARDAMOM(SMALL)UG,INDIA," ₹1,061.51 ",high,0.461284321,5/1/2023
CARDAMOM(SMALL)UG,INDIA," ₹1,128.88 ",high,0.491484927,6/1/2023
CARDAMOM(SMALL)UG,INDIA," ₹1,388.21 ",high,0.607737308,7/1/2023
CARDAMOM(SMALL)UG,INDIA," ₹1,985.49 ",high,0.875485823,8/1/2023
CARDAMOM(SMALL)UG,INDIA," ₹1,847.88 ",high,0.81379805,9/1/2023
CARDAMOM(SMALL)UG,INDIA," ₹1,837.44 ",high,0.80911801,10/1/2023
CARDAMOM(SMALL)UG,INDIA," ₹1,517.84 ",high,0.665847809,11/1/2023
CARDAMOM(SMALL)UG,INDIA," ₹1,630.01 ",high,0.716131346,12/1/2023
CHILLIES,INDIA, ₹597.22 ,high,0.253151861,5/1/2021
CHILLIES,INDIA, ₹597.22 ,high,0.253151861,6/1/2021
BLACK PEPPER(MG1),COCHIN, ₹346.11 ,medium,0.140585005,1/1/2021
BLACK PEPPER(MG1),COCHIN, ₹346.67 ,medium,0.140836042,2/1/2021
BLACK PEPPER(MG1),COCHIN, ₹375.04 ,medium,0.153553738,3/1/2021
BLACK PEPPER(MG1),COCHIN, ₹402.09 ,medium,0.165679704,4/1/2021
BLACK PEPPER(MG1),COCHIN, ₹396.84 ,medium,0.163326236,5/1/2021
BLACK PEPPER(MG1),COCHIN, ₹421.26 ,medium,0.174273226,6/1/2021
BLACK PEPPER(MG1),COCHIN, ₹418.92 ,medium,0.173224252,7/1/2021
BLACK PEPPER(MG1),COCHIN, ₹415.78 ,medium,0.171816654,8/1/2021
BLACK PEPPER(MG1),COCHIN, ₹418.45 ,medium,0.17301356,9/1/2021
BLACK PEPPER(MG1),COCHIN, ₹440.52 ,medium,0.182907094,10/1/2021
BLACK PEPPER(MG1),COCHIN, ₹515.54 ,medium,0.216537039,11/1/2021
BLACK PEPPER(MG1),COCHIN, ₹536.38 ,medium,0.225879189,12/1/2021
BLACK PEPPER(MG1),COCHIN, ₹510.50 ,medium,0.214277709,1/1/2022
BLACK PEPPER(MG1),COCHIN, ₹518.14 ,medium,0.217702566,2/1/2022
BLACK PEPPER(MG1),COCHIN, ₹531.95 ,medium,0.223893309,3/1/2022
BLACK PEPPER(MG1),COCHIN, ₹534.86 ,medium,0.225197803,4/1/2022
BLACK PEPPER(MG1),COCHIN, ₹523.85 ,medium,0.220262244,5/1/2022
BLACK PEPPER(MG1),COCHIN, ₹508.95 ,medium,0.213582876,6/1/2022
BLACK PEPPER(MG1),COCHIN, ₹509.48 ,medium,0.213820464,7/1/2022
BLACK PEPPER(MG1),COCHIN, ₹516.88 ,medium,0.217137734,8/1/2022
BLACK PEPPER(MG1),COCHIN, ₹517.88 ,medium,0.217586014,9/1/2022
BLACK PEPPER(MG1),COCHIN, ₹509.91 ,medium,0.214013224,10/1/2022
BLACK PEPPER(MG1),COCHIN, ₹503.61 ,medium,0.211189062,11/1/2022
BLACK PEPPER(MG1),COCHIN, ₹513.51 ,medium,0.215627031,12/1/2022
BLACK PEPPER(MG1),COCHIN, ₹513.00 ,medium,0.215398409,1/1/2023
BLACK PEPPER(MG1),COCHIN, ₹508.33 ,medium,0.213304942,2/1/2023
BLACK PEPPER(MG1),COCHIN, ₹508.08 ,medium,0.213192872,3/1/2023
BLACK PEPPER(MG1),COCHIN, ₹504.19 ,medium,0.211449064,4/1/2023
BLACK PEPPER(MG1),COCHIN, ₹508.73 ,medium,0.213484254,5/1/2023
BLACK PEPPER(MG1),COCHIN, ₹508.03 ,medium,0.213170458,6/1/2023
BLACK PEPPER(MG1),COCHIN, ₹536.92 ,medium,0.22612126,7/1/2023
CLOVE,COCHIN, ₹514.42 ,medium,0.216034966,1/1/2021
CLOVE,COCHIN, ₹526.36 ,medium,0.221387426,2/1/2021
CLOVE,COCHIN, ₹556.60 ,medium,0.234943405,3/1/2021
CLOVE,COCHIN, ₹595.90 ,medium,0.252560798,4/1/2021
MACE,COCHIN, ₹596.55 ,medium,0.25285218,11/1/2023
NUTMEG (WITH SHELL),COCHIN, ₹246.53 ,medium,0.09594531,1/1/2021
NUTMEG (WITH SHELL),COCHIN, ₹251.67 ,medium,0.098249468,2/1/2021
NUTMEG (WITH SHELL),COCHIN, ₹299.00 ,medium,0.119466547,3/1/2021
NUTMEG (WITH SHELL),COCHIN, ₹264.93 ,medium,0.104193657,4/1/2021
NUTMEG (WITH SHELL),COCHIN, ₹236.31 ,medium,0.091363891,5/1/2021
NUTMEG (WITH SHELL),COCHIN, ₹230.60 ,medium,0.088804214,6/1/2021
NUTMEG (WITH SHELL),COCHIN, ₹263.26 ,medium,0.10344503,7/1/2021
NUTMEG (WITH SHELL),COCHIN, ₹247.17 ,medium,0.096232209,8/1/2021
NUTMEG (WITH SHELL),COCHIN, ₹245.65 ,medium,0.095550824,9/1/2021
NUTMEG (WITH SHELL),COCHIN, ₹271.59 ,medium,0.1071792,10/1/2021
NUTMEG (WITH SHELL),COCHIN, ₹277.60 ,medium,0.109873361,11/1/2021
NUTMEG (WITH SHELL),COCHIN, ₹269.33 ,medium,0.106166088,12/1/2021
NUTMEG (WITH SHELL),COCHIN, ₹277.00 ,medium,0.109604393,1/1/2022
NUTMEG (WITH SHELL),COCHIN, ₹301.75 ,medium,0.120699316,2/1/2022
NUTMEG (WITH SHELL),COCHIN, ₹293.75 ,medium,0.117113079,3/1/2022
NUTMEG (WITH SHELL),COCHIN, ₹274.50 ,medium,0.108483694,4/1/2022
NUTMEG (WITH SHELL),COCHIN, ₹255.00 ,medium,0.099742239,5/1/2022
NUTMEG (WITH SHELL),COCHIN, ₹255.00 ,medium,0.099742239,6/1/2022
NUTMEG (WITH SHELL),COCHIN, ₹277.50 ,medium,0.109828533,7/1/2022
NUTMEG (WITH SHELL),COCHIN, ₹287.50 ,medium,0.11431133,8/1/2022
NUTMEG (WITH SHELL),COCHIN, ₹279.80 ,medium,0.110859576,9/1/2022
NUTMEG (WITH SHELL),COCHIN, ₹283.95 ,medium,0.112719937,10/1/2022
NUTMEG (WITH SHELL),COCHIN, ₹292.50 ,medium,0.116552729,11/1/2022
NUTMEG (WITH SHELL),COCHIN, ₹290.00 ,medium,0.11543203,12/1/2022
NUTMEG (WITH SHELL),COCHIN, ₹297.83 ,medium,0.11894206,1/1/2023
NUTMEG (WITH SHELL),COCHIN, ₹291.80 ,medium,0.116238933,2/1/2023
NUTMEG (WITH SHELL),COCHIN, ₹281.29 ,medium,0.111527513,3/1/2023
NUTMEG (WITH SHELL),COCHIN, ₹252.16 ,medium,0.098469125,4/1/2023
NUTMEG (WITH SHELL),COCHIN, ₹257.96 ,medium,0.101069147,5/1/2023
NUTMEG (WITH SHELL),COCHIN, ₹234.61 ,medium,0.090601816,6/1/2023
NUTMEG (WITH SHELL),COCHIN, ₹224.48 ,medium,0.086060742,7/1/2023
NUTMEG (WITH SHELL),COCHIN, ₹230.51 ,medium,0.088763869,8/1/2023
NUTMEG (WITH SHELL),COCHIN, ₹221.72 ,medium,0.08482349,9/1/2023
NUTMEG (WITH SHELL),COCHIN, ₹220.00 ,medium,0.084052449,10/1/2023
NUTMEG (WITH SHELL),COCHIN, ₹221.37 ,medium,0.084666592,11/1/2023
NUTMEG (WITH SHELL),COCHIN, ₹230.00 ,medium,0.088535246,12/1/2023
NUTMEG (WITHOUT SHELL},COCHIN, ₹516.73 ,medium,0.217070492,1/1/2021
NUTMEG (WITHOUT SHELL},COCHIN, ₹551.04 ,medium,0.232450969,2/1/2021
NUTMEG (WITHOUT SHELL},COCHIN, ₹561.20 ,medium,0.237005491,3/1/2021
NUTMEG (WITHOUT SHELL},COCHIN, ₹526.31 ,medium,0.221365012,4/1/2021
NUTMEG (WITHOUT SHELL},COCHIN, ₹479.16 ,medium,0.200228623,5/1/2021
NUTMEG (WITHOUT SHELL},COCHIN, ₹473.84 ,medium,0.197843775,6/1/2021
NUTMEG (WITHOUT SHELL},COCHIN, ₹504.42 ,medium,0.211552169,7/1/2021
NUTMEG (WITHOUT SHELL},COCHIN, ₹486.95 ,medium,0.203720722,8/1/2021
NUTMEG (WITHOUT SHELL},COCHIN, ₹452.39 ,medium,0.188228174,9/1/2021
NUTMEG (WITHOUT SHELL},COCHIN, ₹531.81 ,medium,0.22383055,10/1/2021
NUTMEG (WITHOUT SHELL},COCHIN, ₹555.00 ,medium,0.234226157,11/1/2021
NUTMEG (WITHOUT SHELL},COCHIN, ₹564.00 ,medium,0.238260675,12/1/2021
NUTMEG (WITHOUT SHELL},COCHIN, ₹567.00 ,medium,0.239605514,1/1/2022
NUTMEG (WITHOUT SHELL},COCHIN, ₹589.25 ,medium,0.249579738,2/1/2022
NUTMEG (WITHOUT SHELL},COCHIN, ₹563.24 ,medium,0.237919982,3/1/2022
NUTMEG (WITHOUT SHELL},COCHIN, ₹540.00 ,medium,0.227501961,4/1/2022
NUTMEG (WITHOUT SHELL},COCHIN, ₹525.00 ,medium,0.220777765,5/1/2022
NUTMEG (WITHOUT SHELL},COCHIN, ₹468.75 ,medium,0.195562031,6/1/2022
NUTMEG (WITHOUT SHELL},COCHIN, ₹515.50 ,medium,0.216519108,7/1/2022
NUTMEG (WITHOUT SHELL},COCHIN, ₹551.25 ,medium,0.232545108,8/1/2022
NUTMEG (WITHOUT SHELL},COCHIN, ₹558.26 ,medium,0.235687549,9/1/2022
NUTMEG (WITHOUT SHELL},COCHIN, ₹572.91 ,medium,0.242254847,10/1/2022
NUTMEG (WITHOUT SHELL},COCHIN, ₹572.50 ,medium,0.242071052,11/1/2022
NUTMEG (WITHOUT SHELL},COCHIN, ₹562.85 ,medium,0.237745153,12/1/2022
NUTMEG (WITHOUT SHELL},COCHIN, ₹593.33 ,medium,0.251408719,1/1/2023
NUTMEG (WITHOUT SHELL},COCHIN, ₹555.74 ,medium,0.234557884,3/1/2023
NUTMEG (WITHOUT SHELL},COCHIN, ₹481.00 ,medium,0.201053457,4/1/2023
NUTMEG (WITHOUT SHELL},COCHIN, ₹472.78 ,medium,0.197368598,5/1/2023
NUTMEG (WITHOUT SHELL},COCHIN, ₹371.15 ,medium,0.151809929,6/1/2023
NUTMEG (WITHOUT SHELL},COCHIN, ₹421.20 ,medium,0.17424633,7/1/2023
NUTMEG (WITHOUT SHELL},COCHIN, ₹427.75 ,medium,0.177182562,8/1/2023
NUTMEG (WITHOUT SHELL},COCHIN, ₹423.31 ,medium,0.1751922,9/1/2023
NUTMEG (WITHOUT SHELL},COCHIN, ₹415.00 ,medium,0.171466995,10/1/2023
NUTMEG (WITHOUT SHELL},COCHIN, ₹413.06 ,medium,0.170597333,11/1/2023
NUTMEG (WITHOUT SHELL},COCHIN, ₹421.53 ,medium,0.174394262,12/1/2023
BLACK PEPPER(MG1),COCHIN, ₹627.47 ,high,0.266712989,8/1/2023
BLACK PEPPER(MG1),COCHIN, ₹644.03 ,high,0.274136501,9/1/2023
BLACK PEPPER(MG1),COCHIN, ₹629.32 ,high,0.267542306,10/1/2023
BLACK PEPPER(MG1),COCHIN, ₹613.24 ,high,0.260333968,11/1/2023
BLACK PEPPER(MG1),COCHIN, ₹612.58 ,high,0.260038104,12/1/2023
CLOVE,COCHIN, ₹600.62 ,high,0.254676678,5/1/2021
CLOVE,COCHIN, ₹692.17 ,high,0.295716687,6/1/2021
CLOVE,COCHIN, ₹715.00 ,high,0.305950913,7/1/2021
CLOVE,COCHIN, ₹715.00 ,high,0.305950913,8/1/2021
CLOVE,COCHIN, ₹722.61 ,high,0.309362322,9/1/2021
CLOVE,COCHIN, ₹721.13 ,high,0.308698868,10/1/2021
CLOVE,COCHIN, ₹716.36 ,high,0.306560574,11/1/2021
CLOVE,COCHIN, ₹735.66 ,high,0.315212373,12/1/2021
CLOVE,COCHIN, ₹737.00 ,high,0.315813067,1/1/2022
CLOVE,COCHIN, ₹722.75 ,high,0.309425081,2/1/2022
CLOVE,COCHIN, ₹722.10 ,high,0.309133699,3/1/2022
CLOVE,COCHIN, ₹758.88 ,high,0.325621428,4/1/2022
CLOVE,COCHIN, ₹768.96 ,high,0.330140087,5/1/2022
CLOVE,COCHIN, ₹797.75 ,high,0.343046061,6/1/2022
CLOVE,COCHIN, ₹826.97 ,high,0.356144794,7/1/2022
CLOVE,COCHIN, ₹839.37 ,high,0.361703463,8/1/2022
CLOVE,COCHIN, ₹846.87 ,high,0.365065561,9/1/2022
CLOVE,COCHIN, ₹833.14 ,high,0.35891068,10/1/2022
CLOVE,COCHIN, ₹837.40 ,high,0.360820352,11/1/2022
CLOVE,COCHIN, ₹840.00 ,high,0.361985879,12/1/2022
CLOVE,COCHIN, ₹773.33 ,high,0.33209907,1/1/2023
CLOVE,COCHIN, ₹777.00 ,high,0.333744256,2/1/2023
CLOVE,COCHIN, ₹803.33 ,high,0.345547462,3/1/2023
CLOVE,COCHIN, ₹807.16 ,high,0.347264373,4/1/2023
CLOVE,COCHIN, ₹807.96 ,high,0.347622997,5/1/2023
CLOVE,COCHIN, ₹909.23 ,high,0.393020285,6/1/2023
CLOVE,COCHIN, ₹934.13 ,high,0.40418245,7/1/2023
CLOVE,COCHIN, ₹941.16 ,high,0.407333856,8/1/2023
CLOVE,COCHIN, ₹921.60 ,high,0.398565505,9/1/2023
CLOVE,COCHIN, ₹905.00 ,high,0.391124061,10/1/2023
CLOVE,COCHIN, ₹916.55 ,high,0.396301692,11/1/2023
CLOVE,COCHIN, ₹922.50 ,high,0.398968957,12/1/2023
MACE,COCHIN," ₹1,176.92 ",high,0.513020285,1/1/2021
MACE,COCHIN," ₹1,183.33 ",high,0.515893758,2/1/2021
MACE,COCHIN," ₹1,476.00 ",high,0.647091785,3/1/2021
MACE,COCHIN," ₹1,485.29 ",high,0.651256304,4/1/2021
MACE,COCHIN," ₹1,233.33 ",high,0.538307744,5/1/2021
MACE,COCHIN," ₹1,053.84 ",high,0.457846016,6/1/2021
MACE,COCHIN," ₹1,223.71 ",high,0.533995293,7/1/2021
MACE,COCHIN," ₹1,152.17 ",high,0.501925361,8/1/2021
MACE,COCHIN, ₹830.43 ,high,0.357695842,9/1/2021
MACE,COCHIN, ₹900.00 ,high,0.388882663,10/1/2021
MACE,COCHIN, ₹900.00 ,high,0.388882663,11/1/2021
MACE,COCHIN, ₹900.00 ,high,0.388882663,12/1/2021
MACE,COCHIN, ₹900.00 ,high,0.388882663,1/1/2022
MACE,COCHIN, ₹900.00 ,high,0.388882663,2/1/2022
MACE,COCHIN, ₹900.00 ,high,0.388882663,3/1/2022
MACE,COCHIN, ₹900.00 ,high,0.388882663,4/1/2022
MACE,COCHIN, ₹900.00 ,high,0.388882663,5/1/2022
MACE,COCHIN, ₹900.00 ,high,0.388882663,6/1/2022
MACE,COCHIN, ₹900.00 ,high,0.388882663,7/1/2022
MACE,COCHIN, ₹900.00 ,high,0.388882663,8/1/2022
MACE,COCHIN, ₹900.00 ,high,0.388882663,9/1/2022
MACE,COCHIN, ₹900.00 ,high,0.388882663,10/1/2022
MACE,COCHIN, ₹945.90 ,high,0.409458702,11/1/2022
MACE,COCHIN," ₹1,142.85 ",high,0.497747394,12/1/2022
MACE,COCHIN," ₹1,333.33 ",high,0.583135717,1/1/2023
MACE,COCHIN," ₹1,027.92 ",high,0.446226605,2/1/2023
MACE,COCHIN," ₹1,314.81 ",high,0.574833576,3/1/2023
MACE,COCHIN," ₹1,236.66 ",high,0.539800516,4/1/2023
MACE,COCHIN," ₹1,137.04 ",high,0.495142889,5/1/2023
MACE,COCHIN, ₹784.61 ,high,0.337155665,6/1/2023
MACE,COCHIN, ₹689.65 ,high,0.294587022,7/1/2023
MACE,COCHIN, ₹850.00 ,high,0.366468676,8/1/2023
MACE,COCHIN, ₹786.20 ,high,0.33786843,9/1/2023
MACE,COCHIN, ₹600.00 ,high,0.254398745,10/1/2023
MACE,COCHIN, ₹667.74 ,high,0.284765213,12/1/2023
NUTMEG (WITHOUT SHELL},COCHIN, ₹598.20 ,high,0.253591841,2/1/2023
CORIANDER,RAMGANJ, ₹57.91 ,low,0.011390788,4/1/2021
CORIANDER,RAMGANJ, ₹56.29 ,low,0.010664575,5/1/2021
CORIANDER,RAMGANJ, ₹58.56 ,low,0.01168217,6/1/2021
CORIANDER,RAMGANJ, ₹60.40 ,low,0.012507004,7/1/2021
CORIANDER,RAMGANJ, ₹64.58 ,low,0.014380814,8/1/2021
CORIANDER,RAMGANJ, ₹66.10 ,low,0.015062199,9/1/2021
CORIANDER,RAMGANJ, ₹64.56 ,low,0.014371848,10/1/2021
CORIANDER,RAMGANJ, ₹73.29 ,low,0.01828533,11/1/2021
CORIANDER,RAMGANJ, ₹76.56 ,low,0.019751205,12/1/2021
CORIANDER,RAMGANJ, ₹84.07 ,low,0.023117785,1/1/2022
CORIANDER,RAMGANJ, ₹84.49 ,low,0.023306063,2/1/2022
CORIANDER,RAMGANJ, ₹94.21 ,low,0.027663342,3/1/2022
CORIANDER,RAMGANJ, ₹121.66 ,low,0.03996862,4/1/2022
CORIANDER,RAMGANJ, ₹120.12 ,low,0.03927827,5/1/2022
CORIANDER,RAMGANJ, ₹114.78 ,low,0.036884456,6/1/2022
CORIANDER,RAMGANJ, ₹113.12 ,low,0.036140312,7/1/2022
CORIANDER,RAMGANJ, ₹96.14 ,low,0.028528522,8/1/2022
CORIANDER,RAMGANJ, ₹99.09 ,low,0.029850947,9/1/2022
CORIANDER,RAMGANJ, ₹92.46 ,low,0.026878852,10/1/2022
CORIANDER,RAMGANJ, ₹90.64 ,low,0.026062983,11/1/2022
CORIANDER,RAMGANJ, ₹89.81 ,low,0.025690911,12/1/2022
CORIANDER,RAMGANJ, ₹83.38 ,low,0.022808472,1/1/2023
CORIANDER,RAMGANJ, ₹75.39 ,low,0.019226717,2/1/2023
CORIANDER,RAMGANJ, ₹86.31 ,low,0.024121932,3/1/2023
CORIANDER,RAMGANJ, ₹97.98 ,low,0.029353356,4/1/2023
CORIANDER,RAMGANJ, ₹88.66 ,low,0.025175389,5/1/2023
CORIANDER,RAMGANJ, ₹80.24 ,low,0.021400874,6/1/2023
CORIANDER,RAMGANJ, ₹65.80 ,low,0.014927715,7/1/2023
CORIANDER,RAMGANJ, ₹71.27 ,low,0.017379805,8/1/2023
CORIANDER,RAMGANJ, ₹67.67 ,low,0.015765998,9/1/2023
CORIANDER,RAMGANJ, ₹64.79 ,low,0.014474952,10/1/2023
CORIANDER,RAMGANJ, ₹71.13 ,low,0.017317046,11/1/2023
CORIANDER,RAMGANJ, ₹70.54 ,low,0.017052561,12/1/2023
SAFFRON,DELHI," ₹2,263.25 ",high,1,1/1/2021
SAFFRON,DELHI," ₹2,263.25 ",high,1,2/1/2021
SAFFRON,DELHI," ₹2,263.25 ",high,1,3/1/2021
SAFFRON,DELHI," ₹2,263.25 ",high,1,4/1/2021
SAFFRON,DELHI," ₹2,263.25 ",high,1,5/1/2021
SAFFRON,DELHI," ₹2,263.25 ",high,1,6/1/2021
SAFFRON,DELHI," ₹2,263.25 ",high,1,7/1/2021
SAFFRON,DELHI," ₹2,263.25 ",high,1,8/1/2021
SAFFRON,DELHI," ₹2,263.25 ",high,1,9/1/2021
SAFFRON,DELHI, ₹597.22 ,high,0.253151861,10/1/2021
SAFFRON,DELHI, ₹597.22 ,high,0.253151861,11/1/2021
SAFFRON,DELHI, ₹597.22 ,high,0.253151861,12/1/2021
SAFFRON,DELHI," ₹2,263.25 ",high,1,1/1/2022
SAFFRON,DELHI," ₹2,263.25 ",high,1,2/1/2022
SAFFRON,DELHI," ₹2,263.25 ",high,1,3/1/2022
SAFFRON,DELHI," ₹2,263.25 ",high,1,4/1/2023
SAFFRON,DELHI," ₹2,263.25 ",high,1,5/1/2023
SAFFRON,DELHI," ₹2,263.25 ",high,1,6/1/2023
SAFFRON,DELHI," ₹2,263.25 ",high,1,7/1/2023
SAFFRON,DELHI," ₹2,263.25 ",high,1,8/1/2023
SAFFRON,DELHI," ₹2,263.25 ",high,1,9/1/2023
SAFFRON,DELHI," ₹2,263.25 ",high,1,10/1/2023
SAFFRON,DELHI," ₹2,263.25 ",high,1,11/1/2023
SAFFRON,DELHI," ₹2,263.25 ",high,1,12/1/2023
TURMERIC(FINGER),NIZAMABAD, ₹67.55 ,low,0.015712204,4/1/2021
TURMERIC(FINGER),NIZAMABAD, ₹67.60 ,low,0.015734618,5/1/2021
TURMERIC(FINGER),NIZAMABAD, ₹65.25 ,low,0.014681161,6/1/2021
TURMERIC(FINGER),NIZAMABAD, ₹63.08 ,low,0.013708394,7/1/2021
TURMERIC(FINGER),NIZAMABAD, ₹62.13 ,low,0.013282528,8/1/2021
TURMERIC(FINGER),NIZAMABAD, ₹61.12 ,low,0.012829766,9/1/2021
TURMERIC(FINGER),NIZAMABAD, ₹61.48 ,low,0.012991146,10/1/2021
TURMERIC(FINGER),NIZAMABAD, ₹61.76 ,low,0.013116665,11/1/2021
TURMERIC(FINGER),NIZAMABAD, ₹71.49 ,low,0.017478427,12/1/2021
TURMERIC(FINGER),NIZAMABAD, ₹73.73 ,low,0.018482573,1/1/2022
TURMERIC(FINGER),NIZAMABAD, ₹66.48 ,low,0.015232545,2/1/2022
TURMERIC(FINGER),NIZAMABAD, ₹65.24 ,low,0.014676678,3/1/2022
TURMERIC(FINGER),NIZAMABAD, ₹67.42 ,low,0.015653928,4/1/2022
TURMERIC(FINGER),NIZAMABAD, ₹60.74 ,low,0.012659419,5/1/2022
TURMERIC(FINGER),NIZAMABAD, ₹60.02 ,low,0.012336658,6/1/2022
TURMERIC(FINGER),NIZAMABAD, ₹60.97 ,low,0.012762524,7/1/2022
TURMERIC(FINGER),NIZAMABAD, ₹58.98 ,low,0.011870447,8/1/2022
TURMERIC(FINGER),NIZAMABAD, ₹56.61 ,low,0.010808024,9/1/2022
TURMERIC(FINGER),NIZAMABAD, ₹54.56 ,low,0.009889051,10/1/2022
TURMERIC(FINGER),NIZAMABAD, ₹58.72 ,low,0.011753894,11/1/2022
TURMERIC(FINGER),NIZAMABAD, ₹61.76 ,low,0.013116665,12/1/2022
TURMERIC(FINGER),NIZAMABAD, ₹57.25 ,low,0.011094923,1/1/2023
TURMERIC(FINGER),NIZAMABAD, ₹49.32 ,low,0.007540065,2/1/2023
TURMERIC(FINGER),NIZAMABAD, ₹61.56 ,low,0.013027009,3/1/2023
TURMERIC(FINGER),NIZAMABAD, ₹57.05 ,low,0.011005267,4/1/2023
TURMERIC(FINGER),NIZAMABAD, ₹62.97 ,low,0.013659083,5/1/2023
TURMERIC(FINGER),NIZAMABAD, ₹62.63 ,low,0.013506668,6/1/2023
TURMERIC(FINGER),NIZAMABAD, ₹79.17 ,low,0.020921215,7/1/2023
TURMERIC(FINGER),NIZAMABAD, ₹111.13 ,low,0.035248235,8/1/2023
TURMERIC(FINGER),NIZAMABAD, ₹101.87 ,low,0.031097165,9/1/2023
TURMERIC(FINGER),NIZAMABAD, ₹103.34 ,low,0.031756136,10/1/2023
TURMERIC(FINGER),NIZAMABAD, ₹107.90 ,low,0.033800291,11/1/2023
TURMERIC(FINGER),NIZAMABAD, ₹109.91 ,low,0.034701334,12/1/2023
CUMIN,JODHPUR, ₹131.75 ,medium,0.044491763,4/1/2021
CUMIN,JODHPUR, ₹597.22 ,high,0.253151861,5/1/2021
CUMIN,JODHPUR, ₹130.00 ,medium,0.043707273,6/1/2021
CUMIN,JODHPUR, ₹116.71 ,low,0.037749636,7/1/2021
CUMIN,JODHPUR, ₹64.58 ,low,0.014380814,8/1/2021
CUMIN,JODHPUR, ₹126.67 ,medium,0.042214502,9/1/2021
CUMIN,JODHPUR, ₹126.33 ,medium,0.042062087,10/1/2021
CUMIN,JODHPUR, ₹597.22 ,high,0.253151861,11/1/2021
CUMIN,JODHPUR, ₹597.22 ,high,0.253151861,12/1/2021
CUMIN,JODHPUR, ₹597.22 ,high,0.253151861,1/1/2022
CUMIN,JODHPUR, ₹597.22 ,high,0.253151861,2/1/2022
CUMIN,JODHPUR, ₹177.65 ,medium,0.065067802,3/1/2022
CUMIN,JODHPUR, ₹190.68 ,medium,0.070908887,4/1/2022
CUMIN,JODHPUR, ₹166.37 ,medium,0.060011207,5/1/2022
CUMIN,JODHPUR, ₹179.62 ,medium,0.065950913,6/1/2022
CUMIN,JODHPUR, ₹190.07 ,medium,0.070635437,7/1/2022
CUMIN,JODHPUR, ₹195.21 ,medium,0.072939594,8/1/2022
CUMIN,JODHPUR, ₹197.98 ,medium,0.074181329,9/1/2022
CUMIN,JODHPUR, ₹197.97 ,medium,0.074176846,10/1/2022
CUMIN,JODHPUR, ₹216.23 ,medium,0.082362434,11/1/2022
CUMIN,JODHPUR, ₹235.55 ,medium,0.091023198,12/1/2022
CUMIN,JODHPUR, ₹283.50 ,medium,0.112518211,1/1/2023
CUMIN,JODHPUR, ₹260.13 ,medium,0.102041914,2/1/2023
CUMIN,JODHPUR, ₹288.02 ,medium,0.114544436,3/1/2023
CUMIN,JODHPUR, ₹361.63 ,medium,0.147542306,4/1/2023
CUMIN,JODHPUR, ₹385.47 ,medium,0.158229295,5/1/2023
CUMIN,JODHPUR, ₹432.90 ,medium,0.179491203,6/1/2023
CUMIN,JODHPUR, ₹545.22 ,medium,0.229841981,7/1/2023
CUMIN,JODHPUR, ₹510.70 ,medium,0.214367365,8/1/2023
CUMIN,JODHPUR, ₹501.73 ,medium,0.210346296,9/1/2023
CUMIN,JODHPUR, ₹480.43 ,medium,0.200797938,10/1/2023
CUMIN,JODHPUR, ₹422.49 ,medium,0.174824611,11/1/2023
CUMIN,JODHPUR, ₹380.48 ,medium,0.155992379,12/1/2023
CUMIN,UNJHA, ₹108.00 ,low,0.033845119,4/1/2021
CUMIN,UNJHA, ₹597.22 ,high,0.253151861,5/1/2021
CUMIN,UNJHA, ₹127.64 ,medium,0.042649333,6/1/2021
CUMIN,UNJHA, ₹124.14 ,medium,0.041080354,7/1/2021
CUMIN,UNJHA, ₹134.86 ,medium,0.045885913,8/1/2021
CUMIN,UNJHA, ₹131.62 ,medium,0.044433486,9/1/2021
CUMIN,UNJHA, ₹133.50 ,medium,0.045276252,10/1/2021
CUMIN,UNJHA, ₹597.22 ,high,0.253151861,11/1/2021
CUMIN,UNJHA, ₹145.25 ,medium,0.050543539,12/1/2021
CUMIN,UNJHA, ₹163.95 ,medium,0.05892637,1/1/2022
CUMIN,UNJHA, ₹178.19 ,medium,0.065309873,2/1/2022
CUMIN,UNJHA, ₹186.95 ,medium,0.069236804,3/1/2022
CUMIN,UNJHA, ₹191.86 ,medium,0.071437857,4/1/2022
CUMIN,UNJHA, ₹202.68 ,medium,0.076288244,5/1/2022
CUMIN,UNJHA, ₹198.97 ,medium,0.074625126,6/1/2022
CUMIN,UNJHA, ₹213.48 ,medium,0.081129665,7/1/2022
CUMIN,UNJHA, ₹220.18 ,medium,0.084133139,8/1/2022
CUMIN,UNJHA, ₹222.24 ,medium,0.085056595,9/1/2022
CUMIN,UNJHA, ₹220.03 ,medium,0.084065897,10/1/2022
CUMIN,UNJHA, ₹221.67 ,medium,0.084801076,11/1/2022
CUMIN,UNJHA, ₹251.75 ,medium,0.09828533,12/1/2022
CUMIN,UNJHA, ₹299.13 ,medium,0.119524823,1/1/2023
CUMIN,UNJHA, ₹296.80 ,medium,0.118480332,2/1/2023
CUMIN,UNJHA, ₹302.59 ,medium,0.121075871,3/1/2023
CUMIN,UNJHA, ₹359.41 ,medium,0.146547125,4/1/2023
CUMIN,UNJHA, ₹420.80 ,medium,0.174067018,5/1/2023
CUMIN,UNJHA, ₹475.33 ,medium,0.198511711,6/1/2023
CUMIN,UNJHA, ₹566.77 ,medium,0.23950241,7/1/2023
CUMIN,UNJHA, ₹558.07 ,medium,0.235602376,8/1/2023
CUMIN,UNJHA, ₹550.30 ,medium,0.232119242,9/1/2023
CUMIN,UNJHA, ₹524.29 ,medium,0.220459487,10/1/2023
CUMIN,UNJHA, ₹432.86 ,medium,0.179473271,11/1/2023
CUMIN,UNJHA, ₹372.33 ,medium,0.152338899,12/1/2023
CARDAMOM(LARGE),GANGTOK, ₹437.50 ,medium,0.181553289,1/1/2021
CARDAMOM(LARGE),GANGTOK, ₹415.50 ,medium,0.171691135,2/1/2021
CARDAMOM(LARGE),GANGTOK, ₹441.67 ,medium,0.183422616,3/1/2021
CARDAMOM(LARGE),GANGTOK, ₹433.33 ,medium,0.179683963,4/1/2021
CARDAMOM(LARGE),GANGTOK, ₹425.00 ,medium,0.175949793,5/1/2021
CARDAMOM(LARGE),GANGTOK, ₹500.00 ,medium,0.209570772,6/1/2021
CARDAMOM(LARGE),GANGTOK, ₹479.00 ,medium,0.200156898,7/1/2021
CARDAMOM(LARGE),GANGTOK, ₹500.00 ,medium,0.209570772,8/1/2021
CARDAMOM(LARGE),GANGTOK, ₹591.67 ,medium,0.250664575,9/1/2021
CARDAMOM(LARGE),GANGTOK, ₹662.50 ,high,0.282416228,10/1/2021
CARDAMOM(LARGE),GANGTOK, ₹768.50 ,high,0.329933879,11/1/2021
CARDAMOM(LARGE),GANGTOK, ₹693.75 ,high,0.296424969,12/1/2021
CARDAMOM(LARGE),GANGTOK, ₹681.25 ,high,0.290821473,1/1/2022
CARDAMOM(LARGE),GANGTOK, ₹662.50 ,high,0.282416228,2/1/2022
CARDAMOM(LARGE),GANGTOK, ₹675.00 ,high,0.288019724,3/1/2022
CARDAMOM(LARGE),GANGTOK, ₹687.50 ,high,0.293623221,4/1/2022
CARDAMOM(LARGE),GANGTOK, ₹662.50 ,high,0.282416228,5/1/2022
CARDAMOM(LARGE),GANGTOK, ₹631.25 ,high,0.268407486,6/1/2022
CARDAMOM(LARGE),GANGTOK, ₹595.00 ,medium,0.252157346,7/1/2022
CARDAMOM(LARGE),GANGTOK, ₹518.75 ,medium,0.217976017,8/1/2022
CARDAMOM(LARGE),GANGTOK, ₹515.00 ,medium,0.216294968,9/1/2022
CARDAMOM(LARGE),GANGTOK, ₹500.00 ,medium,0.209570772,10/1/2022
CARDAMOM(LARGE),GANGTOK, ₹500.00 ,medium,0.209570772,11/1/2022
CARDAMOM(LARGE),GANGTOK, ₹495.00 ,medium,0.207329374,12/1/2022
CARDAMOM(LARGE),GANGTOK, ₹506.25 ,medium,0.21237252,1/1/2023
CARDAMOM(LARGE),GANGTOK, ₹550.00 ,medium,0.231984758,2/1/2023
CARDAMOM(LARGE),GANGTOK, ₹585.00 ,medium,0.247674549,3/1/2023
CARDAMOM(LARGE),GANGTOK, ₹600.00 ,high,0.254398745,4/1/2023
CARDAMOM(LARGE),GANGTOK, ₹600.00 ,high,0.254398745,5/1/2023
CARDAMOM(LARGE),GANGTOK, ₹600.00 ,high,0.254398745,6/1/2023
CARDAMOM(LARGE),GANGTOK, ₹680.00 ,high,0.290261123,7/1/2023
CARDAMOM(LARGE),GANGTOK, ₹900.00 ,high,0.388882663,8/1/2023
CARDAMOM(LARGE),GANGTOK, ₹925.00 ,high,0.400089656,9/1/2023
CARDAMOM(LARGE),GANGTOK, ₹950.00 ,high,0.411296649,10/1/2023
CARDAMOM(LARGE),GANGTOK," ₹1,006.25 ",high,0.436512384,11/1/2023
CARDAMOM(LARGE),GANGTOK," ₹1,100.00 ",high,0.478538608,12/1/2023
CARDAMOM(LARGE),SILIGURI, ₹519.37 ,medium,0.21825395,1/1/2021
CARDAMOM(LARGE),SILIGURI, ₹535.62 ,medium,0.225538496,2/1/2021
CARDAMOM(LARGE),SILIGURI, ₹525.00 ,medium,0.220777765,3/1/2021
CARDAMOM(LARGE),SILIGURI, ₹518.33 ,medium,0.21778774,4/1/2021
CARDAMOM(LARGE),SILIGURI, ₹477.91 ,medium,0.199668273,5/1/2021
CARDAMOM(LARGE),SILIGURI, ₹594.16 ,medium,0.251780791,6/1/2021
CARDAMOM(LARGE),SILIGURI, ₹555.75 ,medium,0.234562367,7/1/2021
CARDAMOM(LARGE),SILIGURI, ₹595.50 ,medium,0.252381486,8/1/2021
CARDAMOM(LARGE),SILIGURI, ₹644.25 ,high,0.274235123,9/1/2021
CARDAMOM(LARGE),SILIGURI, ₹734.20 ,high,0.314557884,10/1/2021
CARDAMOM(LARGE),SILIGURI, ₹801.62 ,high,0.344780903,11/1/2021
CARDAMOM(LARGE),SILIGURI, ₹739.00 ,high,0.316709627,12/1/2021
CARDAMOM(LARGE),SILIGURI, ₹724.60 ,high,0.310254399,1/1/2022
CARDAMOM(LARGE),SILIGURI, ₹756.25 ,high,0.324442452,2/1/2022
CARDAMOM(LARGE),SILIGURI, ₹746.25 ,high,0.319959655,3/1/2022
CARDAMOM(LARGE),SILIGURI, ₹772.50 ,high,0.331726998,4/1/2022
CARDAMOM(LARGE),SILIGURI, ₹735.31 ,high,0.315055475,5/1/2022
CARDAMOM(LARGE),SILIGURI, ₹700.62 ,high,0.299504651,6/1/2022
CARDAMOM(LARGE),SILIGURI, ₹693.50 ,high,0.296312899,7/1/2022
CARDAMOM(LARGE),SILIGURI, ₹675.31 ,high,0.288158691,8/1/2022
CARDAMOM(LARGE),SILIGURI, ₹642.75 ,high,0.273562703,9/1/2022
CARDAMOM(LARGE),SILIGURI, ₹660.31 ,high,0.281434495,10/1/2022
CARDAMOM(LARGE),SILIGURI, ₹628.43 ,high,0.267143337,11/1/2022
CARDAMOM(LARGE),SILIGURI, ₹641.00 ,high,0.272778214,12/1/2022
CARDAMOM(LARGE),SILIGURI, ₹620.62 ,high,0.263642273,1/1/2023
CARDAMOM(LARGE),SILIGURI, ₹683.12 ,high,0.291659756,2/1/2023
CARDAMOM(LARGE),SILIGURI, ₹764.00 ,high,0.32791662,3/1/2023
CARDAMOM(LARGE),SILIGURI, ₹836.24 ,high,0.360300347,4/1/2023
CARDAMOM(LARGE),SILIGURI, ₹831.25 ,high,0.358063432,5/1/2023
CARDAMOM(LARGE),SILIGURI, ₹809.37 ,high,0.348255071,6/1/2023
CARDAMOM(LARGE),SILIGURI, ₹917.50 ,high,0.396727558,7/1/2023
CARDAMOM(LARGE),SILIGURI," ₹1,221.87 ",high,0.533170458,8/1/2023
CARDAMOM(LARGE),SILIGURI," ₹1,210.00 ",high,0.527849378,9/1/2023
CARDAMOM(LARGE),SILIGURI," ₹1,193.75 ",high,0.520564832,10/1/2023
CARDAMOM(LARGE),SILIGURI," ₹1,213.75 ",high,0.529530427,11/1/2023
CARDAMOM(LARGE),SILIGURI," ₹1,454.00 ",high,0.637229631,12/1/2023
