Mon_Year,Spices,Location,Grade,Price
Jan-21,AJWAN SEED,CHENNAI,,130
Feb-21,AJWAN SEED,CHENNAI,,130
Mar-21,AJWAN SEED,CHENNAI,,145
Apr-21,AJWAN SEED,CHENNAI,,140
May-21,AJWAN SEED,CHENNAI,,140
Jun-21,AJWAN SEED,CHENNAI,,154.67
Jul-21,AJWAN SEED,CHENNAI,,184
Aug-21,AJWAN SEED,CHENNAI,,181
Sep-21,AJWAN SEED,CHENNAI,,180
Oct-21,AJWAN SEED,CHENNAI,,180
Nov-21,AJWAN SEED,CHENNAI,,180
Dec-21,AJWAN SEED,CHENNAI,,178.75
Jan-22,AJWAN SEED,CHENNAI,,184
Feb-22,AJWAN SEED,CHENNAI,,175
Mar-22,AJWAN SEED,CHENNAI,,170
Apr-22,AJWAN SEED,CHENNAI,,175.4
May-22,AJWAN SEED,CHENNAI,,178.5
Jun-22,AJWAN SEED,CHENNAI,,173.33
Jul-22,AJWAN SEED,CHENNAI,,174
Aug-22,AJWAN SEED,CHENNAI,,163.75
Sep-22,AJWAN SEED,CHENNAI,,158.5
Oct-22,AJWAN SEED,CHENNAI,,167.5
Nov-22,AJWAN SEED,CHENNAI,,191.25
Dec-22,AJWAN SEED,CHENNAI,,218
Jan-23,AJWAN SEED,CHENNAI,,215
Feb-23,AJWAN SEED,CHENNAI,,206.25
Mar-23,AJWAN SEED,CHENNAI,,183
Apr-23,AJWAN SEED,CHENNAI,,170
May-23,AJWAN SEED,CHENNAI,,177.5
Jun-23,AJWAN SEED,CHENNAI,,181.25
Jul-23,AJWAN SEED,CHENNAI,,214
Aug-23,AJWAN SEED,CHENNAI,,242.5
Sep-23,AJWAN SEED,CHENNAI,,214
Oct-23,AJWAN SEED,CHENNAI,,190
Nov-23,AJWAN SEED,CHENNAI,,167.5
Dec-23,AJWAN SEED,CHENNAI,,180
Jan-21,BLACK PEPPER(MG1),COCHIN,,346.11
Feb-21,BLACK PEPPER(MG1),COCHIN,,346.67
Mar-21,BLACK PEPPER(MG1),COCHIN,,375.04
Apr-21,BLACK PEPPER(MG1),COCHIN,,402.09
May-21,BLACK PEPPER(MG1),COCHIN,,396.84
Jun-21,BLACK PEPPER(MG1),COCHIN,,421.26
Jul-21,BLACK PEPPER(MG1),COCHIN,,418.92
Aug-21,BLACK PEPPER(MG1),COCHIN,,415.78
Sep-21,BLACK PEPPER(MG1),COCHIN,,418.45
Oct-21,BLACK PEPPER(MG1),COCHIN,,440.52
Nov-21,BLACK PEPPER(MG1),COCHIN,,515.54
Dec-21,BLACK PEPPER(MG1),COCHIN,,536.38
Jan-22,BLACK PEPPER(MG1),COCHIN,,510.5
Feb-22,BLACK PEPPER(MG1),COCHIN,,518.14
Mar-22,BLACK PEPPER(MG1),COCHIN,,531.95
Apr-22,BLACK PEPPER(MG1),COCHIN,,534.86
May-22,BLACK PEPPER(MG1),COCHIN,,523.85
Jun-22,BLACK PEPPER(MG1),COCHIN,,508.95
Jul-22,BLACK PEPPER(MG1),COCHIN,,509.48
Aug-22,BLACK PEPPER(MG1),COCHIN,,516.88
Sep-22,BLACK PEPPER(MG1),COCHIN,,517.88
Oct-22,BLACK PEPPER(MG1),COCHIN,,509.91
Nov-22,BLACK PEPPER(MG1),COCHIN,,503.61
Dec-22,BLACK PEPPER(MG1),COCHIN,,513.51
Jan-23,BLACK PEPPER(MG1),COCHIN,,513
Feb-23,BLACK PEPPER(MG1),COCHIN,,508.33
Mar-23,BLACK PEPPER(MG1),COCHIN,,508.08
Apr-23,BLACK PEPPER(MG1),COCHIN,,504.19
May-23,BLACK PEPPER(MG1),COCHIN,,508.73
Jun-23,BLACK PEPPER(MG1),COCHIN,,508.03
Jul-23,BLACK PEPPER(MG1),COCHIN,,536.92
Aug-23,BLACK PEPPER(MG1),COCHIN,,627.47
Sep-23,BLACK PEPPER(MG1),COCHIN,,644.03
Oct-23,BLACK PEPPER(MG1),COCHIN,,629.32
Nov-23,BLACK PEPPER(MG1),COCHIN,,613.24
Dec-23,BLACK PEPPER(MG1),COCHIN,,612.58
Jan-21,CARDAMOM(LARGE),GANGTOK,,437.5
Feb-21,CARDAMOM(LARGE),GANGTOK,,415.5
Mar-21,CARDAMOM(LARGE),GANGTOK,,441.67
Apr-21,CARDAMOM(LARGE),GANGTOK,,433.33
May-21,CARDAMOM(LARGE),GANGTOK,,425
Jun-21,CARDAMOM(LARGE),GANGTOK,,500
Jul-21,CARDAMOM(LARGE),GANGTOK,,479
Aug-21,CARDAMOM(LARGE),GANGTOK,,500
Sep-21,CARDAMOM(LARGE),GANGTOK,,591.67
Oct-21,CARDAMOM(LARGE),GANGTOK,,662.5
Nov-21,CARDAMOM(LARGE),GANGTOK,,768.5
Dec-21,CARDAMOM(LARGE),GANGTOK,,693.75
Jan-22,CARDAMOM(LARGE),GANGTOK,,681.25
Feb-22,CARDAMOM(LARGE),GANGTOK,,662.5
Mar-22,CARDAMOM(LARGE),GANGTOK,,675
Apr-22,CARDAMOM(LARGE),GANGTOK,,687.5
May-22,CARDAMOM(LARGE),GANGTOK,,662.5
Jun-22,CARDAMOM(LARGE),GANGTOK,,631.25
Jul-22,CARDAMOM(LARGE),GANGTOK,,595
Aug-22,CARDAMOM(LARGE),GANGTOK,,518.75
Sep-22,CARDAMOM(LARGE),GANGTOK,,515
Oct-22,CARDAMOM(LARGE),GANGTOK,,500
Nov-22,CARDAMOM(LARGE),GANGTOK,,500
Dec-22,CARDAMOM(LARGE),GANGTOK,,495
Jan-23,CARDAMOM(LARGE),GANGTOK,,506.25
Feb-23,CARDAMOM(LARGE),GANGTOK,,550
Mar-23,CARDAMOM(LARGE),GANGTOK,,585
Apr-23,CARDAMOM(LARGE),GANGTOK,,600
May-23,CARDAMOM(LARGE),GANGTOK,,600
Jun-23,CARDAMOM(LARGE),GANGTOK,,600
Jul-23,CARDAMOM(LARGE),GANGTOK,,680
Aug-23,CARDAMOM(LARGE),GANGTOK,,900
Sep-23,CARDAMOM(LARGE),GANGTOK,,925
Oct-23,CARDAMOM(LARGE),GANGTOK,,950
Nov-23,CARDAMOM(LARGE),GANGTOK,,1006.25
Dec-23,CARDAMOM(LARGE),GANGTOK,,1100
Jan-21,CARDAMOM(LARGE),SILIGURI,,519.37
Feb-21,CARDAMOM(LARGE),SILIGURI,,535.62
Mar-21,CARDAMOM(LARGE),SILIGURI,,525
Apr-21,CARDAMOM(LARGE),SILIGURI,,518.33
May-21,CARDAMOM(LARGE),SILIGURI,,477.91
Jun-21,CARDAMOM(LARGE),SILIGURI,,594.16
Jul-21,CARDAMOM(LARGE),SILIGURI,,555.75
Aug-21,CARDAMOM(LARGE),SILIGURI,,595.5
Sep-21,CARDAMOM(LARGE),SILIGURI,,644.25
Oct-21,CARDAMOM(LARGE),SILIGURI,,734.2
Nov-21,CARDAMOM(LARGE),SILIGURI,,801.62
Dec-21,CARDAMOM(LARGE),SILIGURI,,739
Jan-22,CARDAMOM(LARGE),SILIGURI,,724.6
Feb-22,CARDAMOM(LARGE),SILIGURI,,756.25
Mar-22,CARDAMOM(LARGE),SILIGURI,,746.25
Apr-22,CARDAMOM(LARGE),SILIGURI,,772.5
May-22,CARDAMOM(LARGE),SILIGURI,,735.31
Jun-22,CARDAMOM(LARGE),SILIGURI,,700.62
Jul-22,CARDAMOM(LARGE),SILIGURI,,693.5
Aug-22,CARDAMOM(LARGE),SILIGURI,,675.31
Sep-22,CARDAMOM(LARGE),SILIGURI,,642.75
Oct-22,CARDAMOM(LARGE),SILIGURI,,660.31
Nov-22,CARDAMOM(LARGE),SILIGURI,,628.43
Dec-22,CARDAMOM(LARGE),SILIGURI,,641
Jan-23,CARDAMOM(LARGE),SILIGURI,,620.62
Feb-23,CARDAMOM(LARGE),SILIGURI,,683.12
Mar-23,CARDAMOM(LARGE),SILIGURI,,764
Apr-23,CARDAMOM(LARGE),SILIGURI,,836.24
May-23,CARDAMOM(LARGE),SILIGURI,,831.25
Jun-23,CARDAMOM(LARGE),SILIGURI,,809.37
Jul-23,CARDAMOM(LARGE),SILIGURI,,917.5
Aug-23,CARDAMOM(LARGE),SILIGURI,,1221.87
Sep-23,CARDAMOM(LARGE),SILIGURI,,1210
Oct-23,CARDAMOM(LARGE),SILIGURI,,1193.75
Nov-23,CARDAMOM(LARGE),SILIGURI,,1213.75
Dec-23,CARDAMOM(LARGE),SILIGURI,,1454
Jan-21,CARDAMOM(SMALL)AGB,INDIA,AGB,1855
Feb-21,CARDAMOM(SMALL)AGB,INDIA,AGB,1617.5
Mar-21,CARDAMOM(SMALL)AGB,INDIA,AGB,1580
Apr-21,CARDAMOM(SMALL)AGB,INDIA,AGB,1305
May-21,CARDAMOM(SMALL)AGB,INDIA,AGB,1180
Jun-21,CARDAMOM(SMALL)AGB,INDIA,AGB,1142.5
Jul-21,CARDAMOM(SMALL)AGB,INDIA,AGB,1185
Aug-21,CARDAMOM(SMALL)AGB,INDIA,AGB,1342.5
Sep-21,CARDAMOM(SMALL)AGB,INDIA,AGB,1230
Oct-21,CARDAMOM(SMALL)AGB,INDIA,AGB,1205
Nov-21,CARDAMOM(SMALL)AGB,INDIA,AGB,1338.33
Dec-21,CARDAMOM(SMALL)AGB,INDIA,AGB,1255
Jan-22,CARDAMOM(SMALL)AGB,INDIA,AGB,1125
Feb-22,CARDAMOM(SMALL)AGB,INDIA,AGB,1205
Mar-22,CARDAMOM(SMALL)AGB,INDIA,AGB,1205
Apr-22,CARDAMOM(SMALL)AGB,INDIA,AGB,1705
May-22,CARDAMOM(SMALL)AGB,INDIA,AGB,1455
Jun-22,CARDAMOM(SMALL)AGB,INDIA,AGB,1455
Jul-22,CARDAMOM(SMALL)AGB,INDIA,AGB,1725
Aug-22,CARDAMOM(SMALL)AGB,INDIA,AGB,1342.5
Sep-22,CARDAMOM(SMALL)AGB,INDIA,AGB,1245
Oct-22,CARDAMOM(SMALL)AGB,INDIA,AGB,1260
Nov-22,CARDAMOM(SMALL)AGB,INDIA,AGB,1155
Dec-22,CARDAMOM(SMALL)AGB,INDIA,AGB,1115
Jan-23,CARDAMOM(SMALL)AGB,INDIA,AGB,1330
Feb-23,CARDAMOM(SMALL)AGB,INDIA,AGB,1755
Mar-23,CARDAMOM(SMALL)AGB,INDIA,AGB,1945
Apr-23,CARDAMOM(SMALL)AGB,INDIA,AGB,1705
May-23,CARDAMOM(SMALL)AGB,INDIA,AGB,1455
Jun-23,CARDAMOM(SMALL)AGB,INDIA,AGB,1455
Jul-23,CARDAMOM(SMALL)AGB,INDIA,AGB,1725
Aug-23,CARDAMOM(SMALL)AGB,INDIA,AGB,2347.5
Sep-23,CARDAMOM(SMALL)AGB,INDIA,AGB,2293
Oct-23,CARDAMOM(SMALL)AGB,INDIA,AGB,2055
Nov-23,CARDAMOM(SMALL)AGB,INDIA,AGB,1990
Dec-23,CARDAMOM(SMALL)AGB,INDIA,AGB,2265
Jan-21,CARDAMOM(SMALL)AGEB,INDIA,AGEB,1955
Feb-21,CARDAMOM(SMALL)AGEB,INDIA,AGEB,1792.5
Mar-21,CARDAMOM(SMALL)AGEB,INDIA,AGEB,1830
Apr-21,CARDAMOM(SMALL)AGEB,INDIA,AGEB,1399
May-21,CARDAMOM(SMALL)AGEB,INDIA,AGEB,1305
Jun-21,CARDAMOM(SMALL)AGEB,INDIA,AGEB,1242.5
Jul-21,CARDAMOM(SMALL)AGEB,INDIA,AGEB,1285
Aug-21,CARDAMOM(SMALL)AGEB,INDIA,AGEB,1592.5
Sep-21,CARDAMOM(SMALL)AGEB,INDIA,AGEB,1492.5
Oct-21,CARDAMOM(SMALL)AGEB,INDIA,AGEB,1465
Nov-21,CARDAMOM(SMALL)AGEB,INDIA,AGEB,1538.33
Dec-21,CARDAMOM(SMALL)AGEB,INDIA,AGEB,1455
Jan-22,CARDAMOM(SMALL)AGEB,INDIA,AGEB,1225
Feb-22,CARDAMOM(SMALL)AGEB,INDIA,AGEB,1292.5
Mar-22,CARDAMOM(SMALL)AGEB,INDIA,AGEB,1310
Apr-22,CARDAMOM(SMALL)AGEB,INDIA,AGEB,1935
May-22,CARDAMOM(SMALL)AGEB,INDIA,AGEB,1650
Jun-22,CARDAMOM(SMALL)AGEB,INDIA,AGEB,1675
Jul-22,CARDAMOM(SMALL)AGEB,INDIA,AGEB,1953
Aug-22,CARDAMOM(SMALL)AGEB,INDIA,AGEB,1455
Sep-22,CARDAMOM(SMALL)AGEB,INDIA,AGEB,1355
Oct-22,CARDAMOM(SMALL)AGEB,INDIA,AGEB,1360
Nov-22,CARDAMOM(SMALL)AGEB,INDIA,AGEB,1327.5
Dec-22,CARDAMOM(SMALL)AGEB,INDIA,AGEB,1296
Jan-23,CARDAMOM(SMALL)AGEB,INDIA,AGEB,1530
Feb-23,CARDAMOM(SMALL)AGEB,INDIA,AGEB,2017.5
Mar-23,CARDAMOM(SMALL)AGEB,INDIA,AGEB,2165
Apr-23,CARDAMOM(SMALL)AGEB,INDIA,AGEB,1935
May-23,CARDAMOM(SMALL)AGEB,INDIA,AGEB,1650
Jun-23,CARDAMOM(SMALL)AGEB,INDIA,AGEB,1675
Jul-23,CARDAMOM(SMALL)AGEB,INDIA,AGEB,1953
Aug-23,CARDAMOM(SMALL)AGEB,INDIA,AGEB,2622.5
Sep-23,CARDAMOM(SMALL)AGEB,INDIA,AGEB,2461
Oct-23,CARDAMOM(SMALL)AGEB,INDIA,AGEB,2307.5
Nov-23,CARDAMOM(SMALL)AGEB,INDIA,AGEB,2032.5
Dec-23,CARDAMOM(SMALL)AGEB,INDIA,AGEB,2217
Jan-21,CARDAMOM(SMALL)AGS,INDIA,AGS,1755
Feb-21,CARDAMOM(SMALL)AGS,INDIA,AGS,1517.5
Mar-21,CARDAMOM(SMALL)AGS,INDIA,AGS,1455
Apr-21,CARDAMOM(SMALL)AGS,INDIA,AGS,1185
May-21,CARDAMOM(SMALL)AGS,INDIA,AGS,1005
Jun-21,CARDAMOM(SMALL)AGS,INDIA,AGS,1042.5
Jul-21,CARDAMOM(SMALL)AGS,INDIA,AGS,1085
Aug-21,CARDAMOM(SMALL)AGS,INDIA,AGS,1080
Sep-21,CARDAMOM(SMALL)AGS,INDIA,AGS,1130
Oct-21,CARDAMOM(SMALL)AGS,INDIA,AGS,1105
Nov-21,CARDAMOM(SMALL)AGS,INDIA,AGS,1205
Dec-21,CARDAMOM(SMALL)AGS,INDIA,AGS,1055
Jan-22,CARDAMOM(SMALL)AGS,INDIA,AGS,1005
Feb-22,CARDAMOM(SMALL)AGS,INDIA,AGS,1105
Mar-22,CARDAMOM(SMALL)AGS,INDIA,AGS,1105
Apr-22,CARDAMOM(SMALL)AGS,INDIA,AGS,1505
May-22,CARDAMOM(SMALL)AGS,INDIA,AGS,1255
Jun-22,CARDAMOM(SMALL)AGS,INDIA,AGS,1255
Jul-22,CARDAMOM(SMALL)AGS,INDIA,AGS,1465
Aug-22,CARDAMOM(SMALL)AGS,INDIA,AGS,1192.5
Sep-22,CARDAMOM(SMALL)AGS,INDIA,AGS,1085
Oct-22,CARDAMOM(SMALL)AGS,INDIA,AGS,1155
Nov-22,CARDAMOM(SMALL)AGS,INDIA,AGS,1055
Dec-22,CARDAMOM(SMALL)AGS,INDIA,AGS,1015
Jan-23,CARDAMOM(SMALL)AGS,INDIA,AGS,1180
Feb-23,CARDAMOM(SMALL)AGS,INDIA,AGS,1505
Mar-23,CARDAMOM(SMALL)AGS,INDIA,AGS,1685
Apr-23,CARDAMOM(SMALL)AGS,INDIA,AGS,1505
May-23,CARDAMOM(SMALL)AGS,INDIA,AGS,1255
Jun-23,CARDAMOM(SMALL)AGS,INDIA,AGS,1255
Jul-23,CARDAMOM(SMALL)AGS,INDIA,AGS,1465
Aug-23,CARDAMOM(SMALL)AGS,INDIA,AGS,2072.5
Sep-23,CARDAMOM(SMALL)AGS,INDIA,AGS,1895
Oct-23,CARDAMOM(SMALL)AGS,INDIA,AGS,1795
Nov-23,CARDAMOM(SMALL)AGS,INDIA,AGS,1530
Dec-23,CARDAMOM(SMALL)AGS,INDIA,AGS,1651
Jan-21,CARDAMOM(SMALL)AGS1,INDIA,AGS1,1655
Feb-21,CARDAMOM(SMALL)AGS1,INDIA,AGS1,1417.5
Mar-21,CARDAMOM(SMALL)AGS1,INDIA,AGS1,1367.5
Apr-21,CARDAMOM(SMALL)AGS1,INDIA,AGS1,897
May-21,CARDAMOM(SMALL)AGS1,INDIA,AGS1,825
Jun-21,CARDAMOM(SMALL)AGS1,INDIA,AGS1,790
Jul-21,CARDAMOM(SMALL)AGS1,INDIA,AGS1,815
Aug-21,CARDAMOM(SMALL)AGS1,INDIA,AGS1,1022.2
Sep-21,CARDAMOM(SMALL)AGS1,INDIA,AGS1,1055
Oct-21,CARDAMOM(SMALL)AGS1,INDIA,AGS1,1025
Nov-21,CARDAMOM(SMALL)AGS1,INDIA,AGS1,1038.33
Dec-21,CARDAMOM(SMALL)AGS1,INDIA,AGS1,967.5
Jan-22,CARDAMOM(SMALL)AGS1,INDIA,AGS1,841
Feb-22,CARDAMOM(SMALL)AGS1,INDIA,AGS1,907.5
Mar-22,CARDAMOM(SMALL)AGS1,INDIA,AGS1,890
Apr-22,CARDAMOM(SMALL)AGS1,INDIA,AGS1,1275
May-22,CARDAMOM(SMALL)AGS1,INDIA,AGS1,1062.5
Jun-22,CARDAMOM(SMALL)AGS1,INDIA,AGS1,1077.5
Jul-22,CARDAMOM(SMALL)AGS1,INDIA,AGS1,1327
Aug-22,CARDAMOM(SMALL)AGS1,INDIA,AGS1,980
Sep-22,CARDAMOM(SMALL)AGS1,INDIA,AGS1,925
Oct-22,CARDAMOM(SMALL)AGS1,INDIA,AGS1,950
Nov-22,CARDAMOM(SMALL)AGS1,INDIA,AGS1,852.5
Dec-22,CARDAMOM(SMALL)AGS1,INDIA,AGS1,839
Jan-23,CARDAMOM(SMALL)AGS1,INDIA,AGS1,972.5
Feb-23,CARDAMOM(SMALL)AGS1,INDIA,AGS1,1305
Mar-23,CARDAMOM(SMALL)AGS1,INDIA,AGS1,1387
Apr-23,CARDAMOM(SMALL)AGS1,INDIA,AGS1,1275
May-23,CARDAMOM(SMALL)AGS1,INDIA,AGS1,1062.5
Jun-23,CARDAMOM(SMALL)AGS1,INDIA,AGS1,1077.5
Jul-23,CARDAMOM(SMALL)AGS1,INDIA,AGS1,1327
Aug-23,CARDAMOM(SMALL)AGS1,INDIA,AGS1,1902.5
Sep-23,CARDAMOM(SMALL)AGS1,INDIA,AGS1,1823
Oct-23,CARDAMOM(SMALL)AGS1,INDIA,AGS1,1645
Nov-23,CARDAMOM(SMALL)AGS1,INDIA,AGS1,1457.5
Dec-23,CARDAMOM(SMALL)AGS1,INDIA,AGS1,1996.25
Jan-21,CARDAMOM(SMALL)UG,INDIA,UNGRADED,1613.52
Feb-21,CARDAMOM(SMALL)UG,INDIA,UNGRADED,1455.33
Mar-21,CARDAMOM(SMALL)UG,INDIA,UNGRADED,1358.18
Apr-21,CARDAMOM(SMALL)UG,INDIA,UNGRADED,903.35
May-21,CARDAMOM(SMALL)UG,INDIA,UNGRADED,816.46
Jun-21,CARDAMOM(SMALL)UG,INDIA,UNGRADED,834.44
Jul-21,CARDAMOM(SMALL)UG,INDIA,UNGRADED,888.49
Aug-21,CARDAMOM(SMALL)UG,INDIA,UNGRADED,1066.06
Sep-21,CARDAMOM(SMALL)UG,INDIA,UNGRADED,1055.86
Oct-21,CARDAMOM(SMALL)UG,INDIA,UNGRADED,1013.06
Nov-21,CARDAMOM(SMALL)UG,INDIA,UNGRADED,1045.17
Dec-21,CARDAMOM(SMALL)UG,INDIA,UNGRADED,947.16
Jan-22,CARDAMOM(SMALL)UG,INDIA,UNGRADED,885.3
Feb-22,CARDAMOM(SMALL)UG,INDIA,UNGRADED,913.48
Mar-22,CARDAMOM(SMALL)UG,INDIA,UNGRADED,897.18
Apr-22,CARDAMOM(SMALL)UG,INDIA,UNGRADED,1276.68
May-22,CARDAMOM(SMALL)UG,INDIA,UNGRADED,1061.51
Jun-22,CARDAMOM(SMALL)UG,INDIA,UNGRADED,1128.88
Jul-22,CARDAMOM(SMALL)UG,INDIA,UNGRADED,1388.21
Aug-22,CARDAMOM(SMALL)UG,INDIA,UNGRADED,973.91
Sep-22,CARDAMOM(SMALL)UG,INDIA,UNGRADED,1000.99
Oct-22,CARDAMOM(SMALL)UG,INDIA,UNGRADED,945.24
Nov-22,CARDAMOM(SMALL)UG,INDIA,UNGRADED,895.47
Dec-22,CARDAMOM(SMALL)UG,INDIA,UNGRADED,861.62
Jan-23,CARDAMOM(SMALL)UG,INDIA,UNGRADED,1017.55
Feb-23,CARDAMOM(SMALL)UG,INDIA,UNGRADED,1385.93
Mar-23,CARDAMOM(SMALL)UG,INDIA,UNGRADED,1433.62
Apr-23,CARDAMOM(SMALL)UG,INDIA,UNGRADED,1276.68
May-23,CARDAMOM(SMALL)UG,INDIA,UNGRADED,1061.51
Jun-23,CARDAMOM(SMALL)UG,INDIA,UNGRADED,1128.88
Jul-23,CARDAMOM(SMALL)UG,INDIA,UNGRADED,1388.21
Aug-23,CARDAMOM(SMALL)UG,INDIA,UNGRADED,1985.49
Sep-23,CARDAMOM(SMALL)UG,INDIA,UNGRADED,1847.88
Oct-23,CARDAMOM(SMALL)UG,INDIA,UNGRADED,1837.44
Nov-23,CARDAMOM(SMALL)UG,INDIA,UNGRADED,1517.84
Dec-23,CARDAMOM(SMALL)UG,INDIA,UNGRADED,1630.01
Jan-21,CASSIA,CHENNAI,,245
Feb-21,CASSIA,CHENNAI,,245
Mar-21,CASSIA,CHENNAI,,245
Apr-21,CASSIA,CHENNAI,,243
May-21,CASSIA,CHENNAI,,246.87
Jun-21,CASSIA,CHENNAI,,560
Jul-21,CASSIA,CHENNAI,,275
Aug-21,CASSIA,CHENNAI,,267.5
Sep-21,CASSIA,CHENNAI,,265
Oct-21,CASSIA,CHENNAI,,295
Nov-21,CASSIA,CHENNAI,,280
Dec-21,CASSIA,CHENNAI,,280.63
Jan-22,CASSIA,CHENNAI,,284
Feb-22,CASSIA,CHENNAI,,281.25
Mar-22,CASSIA,CHENNAI,,280
Apr-22,CASSIA,CHENNAI,,280
May-22,CASSIA,CHENNAI,,281.87
Jun-22,CASSIA,CHENNAI,,280
Jul-22,CASSIA,CHENNAI,,280
Aug-22,CASSIA,CHENNAI,,277.87
Sep-22,CASSIA,CHENNAI,,273.5
Oct-22,CASSIA,CHENNAI,,293.75
Nov-22,CASSIA,CHENNAI,,296.25
Dec-22,CASSIA,CHENNAI,,284
Jan-23,CASSIA,CHENNAI,,297.5
Feb-23,CASSIA,CHENNAI,,281.87
Mar-23,CASSIA,CHENNAI,,264
Apr-23,CASSIA,CHENNAI,,258.75
May-23,CASSIA,CHENNAI,,255
Jun-23,CASSIA,CHENNAI,,256.25
Jul-23,CASSIA,CHENNAI,,272.5
Aug-23,CASSIA,CHENNAI,,247.5
Sep-23,CASSIA,CHENNAI,,253.5
Oct-23,CASSIA,CHENNAI,,285
Nov-23,CASSIA,CHENNAI,,261.25
Dec-23,CASSIA,CHENNAI,,291
Apr-21,CHILLIES,INDIA,"(COLDSTORAGE/NON-Cold",104.7
May-21,CHILLIES,INDIA,"(COLDSTORAGE/NON-Cold",
Jun-21,CHILLIES,INDIA,"(COLDSTORAGE/NON-Cold",
Jul-21,CHILLIES,INDIA,"(COLDSTORAGE/NON-Cold",94.25
Aug-21,CHILLIES,INDIA,"(COLDSTORAGE/NON-Cold",100.41
Sep-21,CHILLIES,INDIA,"(COLDSTORAGE/NON-Cold",105.6
Oct-21,CHILLIES,INDIA,"(COLDSTORAGE/NON-Cold",102.4
Nov-21,CHILLIES,INDIA,"(COLDSTORAGE/NON-Cold",99.63
Dec-21,CHILLIES,INDIA,"(COLDSTORAGE/NON-Cold",118.06
Jan-22,CHILLIES,INDIA,"(COLDSTORAGE/NON-Cold",123.44
Feb-22,CHILLIES,INDIA,"(COLDSTORAGE/NON-Cold",139.24
Mar-22,CHILLIES,INDIA,"(COLDSTORAGE/NON-Cold",138.93
Apr-22,CHILLIES,INDIA,"(COLDSTORAGE/NON-Cold",142.4
May-22,CHILLIES,INDIA,"(COLDSTORAGE/NON-Cold",140.13
Jun-22,CHILLIES,INDIA,"(COLDSTORAGE/NON-Cold",147.5
Jul-22,CHILLIES,INDIA,"(COLDSTORAGE/NON-Cold",159
Aug-22,CHILLIES,INDIA,"(COLDSTORAGE/NON-Cold",175.43
Sep-22,CHILLIES,INDIA,"(COLDSTORAGE/NON-Cold",167.65
Oct-22,CHILLIES,INDIA,"(COLDSTORAGE/NON-Cold",180.43
Nov-22,CHILLIES,INDIA,"(COLDSTORAGE/NON-Cold",184.18
Dec-22,CHILLIES,INDIA,"(COLDSTORAGE/NON-Cold",181
Jan-23,CHILLIES,INDIA,"(COLDSTORAGE/NON-Cold",179.37
Feb-23,CHILLIES,INDIA,"(COLDSTORAGE/NON-Cold",148.75
Mar-23,CHILLIES,INDIA,"(COLDSTORAGE/NON-Cold",170.5
Apr-23,CHILLIES,INDIA,"(COLDSTORAGE/NON-Cold",172.5
May-23,CHILLIES,INDIA,"(COLDSTORAGE/NON-Cold",168.75
Jun-23,CHILLIES,INDIA,"(COLDSTORAGE/NON-Cold",165.75
Jul-23,CHILLIES,INDIA,"(COLDSTORAGE/NON-Cold",167.33
Aug-23,CHILLIES,INDIA,"(COLDSTORAGE/NON-Cold",166.43
Sep-23,CHILLIES,INDIA,"(COLDSTORAGE/NON-Cold",166.66
Oct-23,CHILLIES,INDIA,"(COLDSTORAGE/NON-Cold",165.81
Nov-23,CHILLIES,INDIA,"(COLDSTORAGE/NON-Cold",161.56
Dec-23,CHILLIES,INDIA,"(COLDSTORAGE/NON-Cold",157.4
Jan-21,CLOVE,COCHIN,,514.42
Feb-21,CLOVE,COCHIN,,526.36
Mar-21,CLOVE,COCHIN,,556.6
Apr-21,CLOVE,COCHIN,,595.9
May-21,CLOVE,COCHIN,,600.62
Jun-21,CLOVE,COCHIN,,692.17
Jul-21,CLOVE,COCHIN,,715
Aug-21,CLOVE,COCHIN,,715
Sep-21,CLOVE,COCHIN,,722.61
Oct-21,CLOVE,COCHIN,,721.13
Nov-21,CLOVE,COCHIN,,716.36
Dec-21,CLOVE,COCHIN,,735.66
Jan-22,CLOVE,COCHIN,,737
Feb-22,CLOVE,COCHIN,,722.75
Mar-22,CLOVE,COCHIN,,722.1
Apr-22,CLOVE,COCHIN,,758.88
May-22,CLOVE,COCHIN,,768.96
Jun-22,CLOVE,COCHIN,,797.75
Jul-22,CLOVE,COCHIN,,826.97
Aug-22,CLOVE,COCHIN,,839.37
Sep-22,CLOVE,COCHIN,,846.87
Oct-22,CLOVE,COCHIN,,833.14
Nov-22,CLOVE,COCHIN,,837.4
Dec-22,CLOVE,COCHIN,,840
Jan-23,CLOVE,COCHIN,,773.33
Feb-23,CLOVE,COCHIN,,777
Mar-23,CLOVE,COCHIN,,803.33
Apr-23,CLOVE,COCHIN,,807.16
May-23,CLOVE,COCHIN,,807.96
Jun-23,CLOVE,COCHIN,,909.23
Jul-23,CLOVE,COCHIN,,934.13
Aug-23,CLOVE,COCHIN,,941.16
Sep-23,CLOVE,COCHIN,,921.6
Oct-23,CLOVE,COCHIN,,905
Nov-23,CLOVE,COCHIN,,916.55
Dec-23,CLOVE,COCHIN,,922.5
Jan-21,CORIANDER,CHENNAI,,87.5
Feb-21,CORIANDER,CHENNAI,,82.5
Mar-21,CORIANDER,CHENNAI,,82.5
Apr-21,CORIANDER,CHENNAI,,85.8
May-21,CORIANDER,CHENNAI,,83.12
Jun-21,CORIANDER,CHENNAI,,
Jul-21,CORIANDER,CHENNAI,,
Aug-21,CORIANDER,CHENNAI,,82.5
Sep-21,CORIANDER,CHENNAI,,86.5
Oct-21,CORIANDER,CHENNAI,,98.12
Nov-21,CORIANDER,CHENNAI,,101.25
Dec-21,CORIANDER,CHENNAI,,91
Jan-22,CORIANDER,CHENNAI,,93.75
Feb-22,CORIANDER,CHENNAI,,105.62
Mar-22,CORIANDER,CHENNAI,,120
Apr-22,CORIANDER,CHENNAI,,129.62
May-22,CORIANDER,CHENNAI,,133.75
Jun-22,CORIANDER,CHENNAI,,131.66
Jul-22,CORIANDER,CHENNAI,,131
Aug-22,CORIANDER,CHENNAI,,132.5
Sep-22,CORIANDER,CHENNAI,,134
Oct-22,CORIANDER,CHENNAI,,126.25
Nov-22,CORIANDER,CHENNAI,,127.37
Dec-22,CORIANDER,CHENNAI,,114
Jan-23,CORIANDER,CHENNAI,,95
Feb-23,CORIANDER,CHENNAI,,85.62
Mar-23,CORIANDER,CHENNAI,,79.5
Apr-23,CORIANDER,CHENNAI,,75.62
May-23,CORIANDER,CHENNAI,,72.5
Jun-23,CORIANDER,CHENNAI,,77.5
Jul-23,CORIANDER,CHENNAI,,83
Aug-23,CORIANDER,CHENNAI,,96.25
Sep-23,CORIANDER,CHENNAI,,89
Oct-23,CORIANDER,CHENNAI,,100
Nov-23,CORIANDER,CHENNAI,,118.12
Dec-23,CORIANDER,CHENNAI,,122.5
Apr-21,CORIANDER,RAMGANJ,,57.91
May-21,CORIANDER,RAMGANJ,,56.29
Jun-21,CORIANDER,RAMGANJ,,58.56
Jul-21,CORIANDER,RAMGANJ,,60.4
Aug-21,CORIANDER,RAMGANJ,,64.58
Sep-21,CORIANDER,RAMGANJ,,66.1
Oct-21,CORIANDER,RAMGANJ,,64.56
Nov-21,CORIANDER,RAMGANJ,,73.29
Dec-21,CORIANDER,RAMGANJ,,76.56
Jan-22,CORIANDER,RAMGANJ,,84.07
Feb-22,CORIANDER,RAMGANJ,,84.49
Mar-22,CORIANDER,RAMGANJ,,94.21
Apr-22,CORIANDER,RAMGANJ,,121.66
May-22,CORIANDER,RAMGANJ,,120.12
Jun-22,CORIANDER,RAMGANJ,,114.78
Jul-22,CORIANDER,RAMGANJ,,113.12
Aug-22,CORIANDER,RAMGANJ,,96.14
Sep-22,CORIANDER,RAMGANJ,,99.09
Oct-22,CORIANDER,RAMGANJ,,92.46
Nov-22,CORIANDER,RAMGANJ,,90.64
Dec-22,CORIANDER,RAMGANJ,,89.81
Jan-23,CORIANDER,RAMGANJ,,83.38
Feb-23,CORIANDER,RAMGANJ,,75.39
Mar-23,CORIANDER,RAMGANJ,,86.31
Apr-23,CORIANDER,RAMGANJ,,97.98
May-23,CORIANDER,RAMGANJ,,88.66
Jun-23,CORIANDER,RAMGANJ,,80.24
Jul-23,CORIANDER,RAMGANJ,,65.8
Aug-23,CORIANDER,RAMGANJ,,71.27
Sep-23,CORIANDER,RAMGANJ,,67.67
Oct-23,CORIANDER,RAMGANJ,,64.79
Nov-23,CORIANDER,RAMGANJ,,71.13
Dec-23,CORIANDER,RAMGANJ,,70.54
Jan-21,CUMIN,CHENNAI,,148.75
Feb-21,CUMIN,CHENNAI,,145
Mar-21,CUMIN,CHENNAI,,148.5
Apr-21,CUMIN,CHENNAI,,154.1
May-21,CUMIN,CHENNAI,,154
Jun-21,CUMIN,CHENNAI,,152
Jul-21,CUMIN,CHENNAI,,151.4
Aug-21,CUMIN,CHENNAI,,162.5
Sep-21,CUMIN,CHENNAI,,172
Oct-21,CUMIN,CHENNAI,,165
Nov-21,CUMIN,CHENNAI,,168.75
Dec-21,CUMIN,CHENNAI,,173.12
Jan-22,CUMIN,CHENNAI,,200
Feb-22,CUMIN,CHENNAI,,223.75
Mar-22,CUMIN,CHENNAI,,236.5
Apr-22,CUMIN,CHENNAI,,255
May-22,CUMIN,CHENNAI,,268.75
Jun-22,CUMIN,CHENNAI,,270
Jul-22,CUMIN,CHENNAI,,274.5
Aug-22,CUMIN,CHENNAI,,280
Sep-22,CUMIN,CHENNAI,,272
Oct-22,CUMIN,CHENNAI,,273.12
Nov-22,CUMIN,CHENNAI,,280
Dec-22,CUMIN,CHENNAI,,317
Jan-23,CUMIN,CHENNAI,,372.5
Feb-23,CUMIN,CHENNAI,,367.5
Mar-23,CUMIN,CHENNAI,,384
Apr-23,CUMIN,CHENNAI,,445
May-23,CUMIN,CHENNAI,,438.75
Jun-23,CUMIN,CHENNAI,,557.5
Jul-23,CUMIN,CHENNAI,,665
Aug-23,CUMIN,CHENNAI,,653.75
Sep-23,CUMIN,CHENNAI,,649
Oct-23,CUMIN,CHENNAI,,597.5
Nov-23,CUMIN,CHENNAI,,551.25
Dec-23,CUMIN,CHENNAI,,608
Apr-21,CUMIN,JODHPUR,,131.75
May-21,CUMIN,JODHPUR,,
Jun-21,CUMIN,JODHPUR,,130
Jul-21,CUMIN,JODHPUR,,116.71
Aug-21,CUMIN,JODHPUR,,64.58
Sep-21,CUMIN,JODHPUR,,126.67
Oct-21,CUMIN,JODHPUR,,126.33
Nov-21,CUMIN,JODHPUR,,
Dec-21,CUMIN,JODHPUR,,
Jan-22,CUMIN,JODHPUR,,
Feb-22,CUMIN,JODHPUR,,
Mar-22,CUMIN,JODHPUR,,177.65
Apr-22,CUMIN,JODHPUR,,190.68
May-22,CUMIN,JODHPUR,,166.37
Jun-22,CUMIN,JODHPUR,,179.62
Jul-22,CUMIN,JODHPUR,,190.07
Aug-22,CUMIN,JODHPUR,,195.21
Sep-22,CUMIN,JODHPUR,,197.98
Oct-22,CUMIN,JODHPUR,,197.97
Nov-22,CUMIN,JODHPUR,,216.23
Dec-22,CUMIN,JODHPUR,,235.55
Jan-23,CUMIN,JODHPUR,,283.5
Feb-23,CUMIN,JODHPUR,,260.13
Mar-23,CUMIN,JODHPUR,,288.02
Apr-23,CUMIN,JODHPUR,,361.63
May-23,CUMIN,JODHPUR,,385.47
Jun-23,CUMIN,JODHPUR,,432.9
Jul-23,CUMIN,JODHPUR,,545.22
Aug-23,CUMIN,JODHPUR,,510.7
Sep-23,CUMIN,JODHPUR,,501.73
Oct-23,CUMIN,JODHPUR,,480.43
Nov-23,CUMIN,JODHPUR,,422.49
Dec-23,CUMIN,JODHPUR,,380.48
Apr-21,CUMIN,UNJHA,,108
May-21,CUMIN,UNJHA,,
Jun-21,CUMIN,UNJHA,,127.64
Jul-21,CUMIN,UNJHA,,124.14
Aug-21,CUMIN,UNJHA,,134.86
Sep-21,CUMIN,UNJHA,,131.62
Oct-21,CUMIN,UNJHA,,133.5
Nov-21,CUMIN,UNJHA,,
Dec-21,CUMIN,UNJHA,,145.25
Jan-22,CUMIN,UNJHA,,163.95
Feb-22,CUMIN,UNJHA,,178.19
Mar-22,CUMIN,UNJHA,,186.95
Apr-22,CUMIN,UNJHA,,191.86
May-22,CUMIN,UNJHA,,202.68
Jun-22,CUMIN,UNJHA,,198.97
Jul-22,CUMIN,UNJHA,,213.48
Aug-22,CUMIN,UNJHA,,220.18
Sep-22,CUMIN,UNJHA,,222.24
Oct-22,CUMIN,UNJHA,,220.03
Nov-22,CUMIN,UNJHA,,221.67
Dec-22,CUMIN,UNJHA,,251.75
Jan-23,CUMIN,UNJHA,,299.13
Feb-23,CUMIN,UNJHA,,296.8
Mar-23,CUMIN,UNJHA,,302.59
Apr-23,CUMIN,UNJHA,,359.41
May-23,CUMIN,UNJHA,,420.8
Jun-23,CUMIN,UNJHA,,475.33
Jul-23,CUMIN,UNJHA,,566.77
Aug-23,CUMIN,UNJHA,,558.07
Sep-23,CUMIN,UNJHA,,550.3
Oct-23,CUMIN,UNJHA,,524.29
Nov-23,CUMIN,UNJHA,,432.86
Dec-23,CUMIN,UNJHA,,372.33
Jan-21,FENNEL,CHENNAI,,91.62
Feb-21,FENNEL,CHENNAI,,90.62
Mar-21,FENNEL,CHENNAI,,107.5
Apr-21,FENNEL,CHENNAI,,114.4
May-21,FENNEL,CHENNAI,,112
Jun-21,FENNEL,CHENNAI,,116
Jul-21,FENNEL,CHENNAI,,123.2
Aug-21,FENNEL,CHENNAI,,124.75
Sep-21,FENNEL,CHENNAI,,152.87
Oct-21,FENNEL,CHENNAI,,147.5
Nov-21,FENNEL,CHENNAI,,155
Dec-21,FENNEL,CHENNAI,,155
Jan-22,FENNEL,CHENNAI,,155
Feb-22,FENNEL,CHENNAI,,158
Mar-22,FENNEL,CHENNAI,,167.5
Apr-22,FENNEL,CHENNAI,,165
May-22,FENNEL,CHENNAI,,140
Jun-22,FENNEL,CHENNAI,,131.66
Jul-22,FENNEL,CHENNAI,,150.75
Aug-22,FENNEL,CHENNAI,,178.25
Sep-22,FENNEL,CHENNAI,,178
Oct-22,FENNEL,CHENNAI,,205
Nov-22,FENNEL,CHENNAI,,199.37
Dec-22,FENNEL,CHENNAI,,215
Jan-23,FENNEL,CHENNAI,,227.5
Feb-23,FENNEL,CHENNAI,,216.25
Mar-23,FENNEL,CHENNAI,,241.5
Apr-23,FENNEL,CHENNAI,,223.33
May-23,FENNEL,CHENNAI,,246.25
Jun-23,FENNEL,CHENNAI,,275
Jul-23,FENNEL,CHENNAI,,326
Aug-23,FENNEL,CHENNAI,,331.25
Sep-23,FENNEL,CHENNAI,,280
Oct-23,FENNEL,CHENNAI,,247.5
Nov-23,FENNEL,CHENNAI,,230
Dec-23,FENNEL,CHENNAI,,280.5
Jan-21,FENUGREEK,CHENNAI,,70.5
Feb-21,FENUGREEK,CHENNAI,,69.25
Mar-21,FENUGREEK,CHENNAI,,74.25
Apr-21,FENUGREEK,CHENNAI,,76.8
May-21,FENUGREEK,CHENNAI,,81.5
Jun-21,FENUGREEK,CHENNAI,,80.83
Jul-21,FENUGREEK,CHENNAI,,80.8
Aug-21,FENUGREEK,CHENNAI,,92.5
Sep-21,FENUGREEK,CHENNAI,,100
Oct-21,FENUGREEK,CHENNAI,,96.2
Nov-21,FENUGREEK,CHENNAI,,94.5
Dec-21,FENUGREEK,CHENNAI,,95
Jan-22,FENUGREEK,CHENNAI,,90
Feb-22,FENUGREEK,CHENNAI,,88.25
Mar-22,FENUGREEK,CHENNAI,,87.87
Apr-22,FENUGREEK,CHENNAI,,80
May-22,FENUGREEK,CHENNAI,,85.5
Jun-22,FENUGREEK,CHENNAI,,85.66
Jul-22,FENUGREEK,CHENNAI,,85
Aug-22,FENUGREEK,CHENNAI,,83.33
Sep-22,FENUGREEK,CHENNAI,,69.7
Oct-22,FENUGREEK,CHENNAI,,75.62
Nov-22,FENUGREEK,CHENNAI,,77.5
Dec-22,FENUGREEK,CHENNAI,,77.5
Jan-23,FENUGREEK,CHENNAI,,90
Feb-23,FENUGREEK,CHENNAI,,92.5
Mar-23,FENUGREEK,CHENNAI,,80
Apr-23,FENUGREEK,CHENNAI,,81.66
May-23,FENUGREEK,CHENNAI,,82.5
Jun-23,FENUGREEK,CHENNAI,,83.12
Jul-23,FENUGREEK,CHENNAI,,88
Aug-23,FENUGREEK,CHENNAI,,91.87
Sep-23,FENUGREEK,CHENNAI,,94.5
Oct-23,FENUGREEK,CHENNAI,,95.62
Nov-23,FENUGREEK,CHENNAI,,115
Dec-23,FENUGREEK,CHENNAI,,117
Jan-21,GARLIC,CHENNAI,,85
Feb-21,GARLIC,CHENNAI,,81.87
Mar-21,GARLIC,CHENNAI,,65.62
Apr-21,GARLIC,CHENNAI,,80.8
May-21,GARLIC,CHENNAI,,78.75
Jun-21,GARLIC,CHENNAI,,89.17
Jul-21,GARLIC,CHENNAI,,85
Aug-21,GARLIC,CHENNAI,,85
Sep-21,GARLIC,CHENNAI,,77.5
Oct-21,GARLIC,CHENNAI,,81
Nov-21,GARLIC,CHENNAI,,85
Dec-21,GARLIC,CHENNAI,,77.5
Jan-22,GARLIC,CHENNAI,,52
Feb-22,GARLIC,CHENNAI,,47.5
Mar-22,GARLIC,CHENNAI,,47.5
Apr-22,GARLIC,CHENNAI,,45
May-22,GARLIC,CHENNAI,,40.63
Jun-22,GARLIC,CHENNAI,,36.66
Jul-22,GARLIC,CHENNAI,,42.5
Aug-22,GARLIC,CHENNAI,,42.5
Sep-22,GARLIC,CHENNAI,,32.5
Oct-22,GARLIC,CHENNAI,,34.37
Nov-22,GARLIC,CHENNAI,,43.75
Dec-22,GARLIC,CHENNAI,,36
Jan-23,GARLIC,CHENNAI,,38.75
Feb-23,GARLIC,CHENNAI,,51.25
Mar-23,GARLIC,CHENNAI,,67
Apr-23,GARLIC,CHENNAI,,51.87
May-23,GARLIC,CHENNAI,,54.37
Jun-23,GARLIC,CHENNAI,,66.25
Jul-23,GARLIC,CHENNAI,,105
Aug-23,GARLIC,CHENNAI,,108.75
Sep-23,GARLIC,CHENNAI,,105
Oct-23,GARLIC,CHENNAI,,106.25
Nov-23,GARLIC,CHENNAI,,105
Dec-23,GARLIC,CHENNAI,,116
Jan-21,MACE,COCHIN,,1176.92
Feb-21,MACE,COCHIN,,1183.33
Mar-21,MACE,COCHIN,,1476
Apr-21,MACE,COCHIN,,1485.29
May-21,MACE,COCHIN,,1233.33
Jun-21,MACE,COCHIN,,1053.84
Jul-21,MACE,COCHIN,,1223.71
Aug-21,MACE,COCHIN,,1152.17
Sep-21,MACE,COCHIN,,830.43
Oct-21,MACE,COCHIN,,900
Nov-21,MACE,COCHIN,,900
Dec-21,MACE,COCHIN,,900
Jan-22,MACE,COCHIN,,900
Feb-22,MACE,COCHIN,,900
Mar-22,MACE,COCHIN,,900
Apr-22,MACE,COCHIN,,900
May-22,MACE,COCHIN,,900
Jun-22,MACE,COCHIN,,900
Jul-22,MACE,COCHIN,,900
Aug-22,MACE,COCHIN,,900
Sep-22,MACE,COCHIN,,900
Oct-22,MACE,COCHIN,,900
Nov-22,MACE,COCHIN,,945.9
Dec-22,MACE,COCHIN,,1142.85
Jan-23,MACE,COCHIN,,1333.33
Feb-23,MACE,COCHIN,,1027.92
Mar-23,MACE,COCHIN,,1314.81
Apr-23,MACE,COCHIN,,1236.66
May-23,MACE,COCHIN,,1137.04
Jun-23,MACE,COCHIN,,784.61
Jul-23,MACE,COCHIN,,689.65
Aug-23,MACE,COCHIN,,850
Sep-23,MACE,COCHIN,,786.2
Oct-23,MACE,COCHIN,,600
Nov-23,MACE,COCHIN,,596.55
Dec-23,MACE,COCHIN,,667.74
Jan-21,MENTHA OIL,,,1200.9
Feb-21,MENTHA OIL,,,1174.1
Mar-21,MENTHA OIL,,,1143.6
Apr-21,MENTHA OIL,,,1162.5
May-21,MENTHA OIL,,,1175
Jun-21,MENTHA OIL,,,1120
Jul-21,MENTHA OIL,,,1178
Aug-21,MENTHA OIL,,,1154.9
Sep-21,MENTHA OIL,,,1132
Oct-21,MENTHA OIL,,,1131
Nov-21,MENTHA OIL,,,1142
Dec-21,MENTHA OIL,,,1137.9
Jan-22,MENTHA OIL,,,1109.4
Feb-22,MENTHA OIL,,,1172.8
Mar-22,MENTHA OIL,,,1195.9
Apr-22,MENTHA OIL,,,1100
May-22,MENTHA OIL,,,1072
Jun-22,MENTHA OIL,,,1048
Jul-22,MENTHA OIL,,,1017.4
Aug-22,MENTHA OIL,,,1017
Sep-22,MENTHA OIL,,,975.2
Oct-22,MENTHA OIL,,,990
Nov-22,MENTHA OIL,,,987
Dec-22,MENTHA OIL,,,951.9
Jan-23,MENTHA OIL,,,1017.4
Feb-23,MENTHA OIL,,,1046
Mar-23,MENTHA OIL,,,1042
Jan-21,MUSTARD,CHENNAI,,60.25
Feb-21,MUSTARD,CHENNAI,,60.5
Mar-21,MUSTARD,CHENNAI,,61.37
Apr-21,MUSTARD,CHENNAI,,66.2
May-21,MUSTARD,CHENNAI,,73
Jun-21,MUSTARD,CHENNAI,,77
Jul-21,MUSTARD,CHENNAI,,80.2
Aug-21,MUSTARD,CHENNAI,,86.5
Sep-21,MUSTARD,CHENNAI,,92.25
Oct-21,MUSTARD,CHENNAI,,91.4
Nov-21,MUSTARD,CHENNAI,,95.12
Dec-21,MUSTARD,CHENNAI,,96.13
Jan-22,MUSTARD,CHENNAI,,96.5
Feb-22,MUSTARD,CHENNAI,,87
Mar-22,MUSTARD,CHENNAI,,77.5
Apr-22,MUSTARD,CHENNAI,,81
May-22,MUSTARD,CHENNAI,,81
Jun-22,MUSTARD,CHENNAI,,81
Jul-22,MUSTARD,CHENNAI,,80.9
Aug-22,MUSTARD,CHENNAI,,78.62
Sep-22,MUSTARD,CHENNAI,,76.5
Oct-22,MUSTARD,CHENNAI,,82.87
Nov-22,MUSTARD,CHENNAI,,86.87
Dec-22,MUSTARD,CHENNAI,,83.75
Jan-23,MUSTARD,CHENNAI,,87.5
Feb-23,MUSTARD,CHENNAI,,82.5
Mar-23,MUSTARD,CHENNAI,,77.5
Apr-23,MUSTARD,CHENNAI,,75
May-23,MUSTARD,CHENNAI,,75.62
Jun-23,MUSTARD,CHENNAI,,75
Jul-23,MUSTARD,CHENNAI,,80.5
Aug-23,MUSTARD,CHENNAI,,80.62
Sep-23,MUSTARD,CHENNAI,,81
Oct-23,MUSTARD,CHENNAI,,92.5
Nov-23,MUSTARD,CHENNAI,,118.75
Dec-23,MUSTARD,CHENNAI,,89.5
Jan-21,NUTMEG (WITH SHELL),COCHIN,,246.53
Feb-21,NUTMEG (WITH SHELL),COCHIN,,251.67
Mar-21,NUTMEG (WITH SHELL),COCHIN,,299
Apr-21,NUTMEG (WITH SHELL),COCHIN,,264.93
May-21,NUTMEG (WITH SHELL),COCHIN,,236.31
Jun-21,NUTMEG (WITH SHELL),COCHIN,,230.6
Jul-21,NUTMEG (WITH SHELL),COCHIN,,263.26
Aug-21,NUTMEG (WITH SHELL),COCHIN,,247.17
Sep-21,NUTMEG (WITH SHELL),COCHIN,,245.65
Oct-21,NUTMEG (WITH SHELL),COCHIN,,271.59
Nov-21,NUTMEG (WITH SHELL),COCHIN,,277.6
Dec-21,NUTMEG (WITH SHELL),COCHIN,,269.33
Jan-22,NUTMEG (WITH SHELL),COCHIN,,277
Feb-22,NUTMEG (WITH SHELL),COCHIN,,301.75
Mar-22,NUTMEG (WITH SHELL),COCHIN,,293.75
Apr-22,NUTMEG (WITH SHELL),COCHIN,,274.5
May-22,NUTMEG (WITH SHELL),COCHIN,,255
Jun-22,NUTMEG (WITH SHELL),COCHIN,,255
Jul-22,NUTMEG (WITH SHELL),COCHIN,,277.5
Aug-22,NUTMEG (WITH SHELL),COCHIN,,287.5
Sep-22,NUTMEG (WITH SHELL),COCHIN,,279.8
Oct-22,NUTMEG (WITH SHELL),COCHIN,,283.95
Nov-22,NUTMEG (WITH SHELL),COCHIN,,292.5
Dec-22,NUTMEG (WITH SHELL),COCHIN,,290
Jan-23,NUTMEG (WITH SHELL),COCHIN,,297.83
Feb-23,NUTMEG (WITH SHELL),COCHIN,,291.8
Mar-23,NUTMEG (WITH SHELL),COCHIN,,281.29
Apr-23,NUTMEG (WITH SHELL),COCHIN,,252.16
May-23,NUTMEG (WITH SHELL),COCHIN,,257.96
Jun-23,NUTMEG (WITH SHELL),COCHIN,,234.61
Jul-23,NUTMEG (WITH SHELL),COCHIN,,224.48
Aug-23,NUTMEG (WITH SHELL),COCHIN,,230.51
Sep-23,NUTMEG (WITH SHELL),COCHIN,,221.72
Oct-23,NUTMEG (WITH SHELL),COCHIN,,220
Nov-23,NUTMEG (WITH SHELL),COCHIN,,221.37
Dec-23,NUTMEG (WITH SHELL),COCHIN,,230
Jan-21,NUTMEG (WITHOUT SHELL},COCHIN,,516.73
Feb-21,NUTMEG (WITHOUT SHELL},COCHIN,,551.04
Mar-21,NUTMEG (WITHOUT SHELL},COCHIN,,561.2
Apr-21,NUTMEG (WITHOUT SHELL},COCHIN,,526.31
May-21,NUTMEG (WITHOUT SHELL},COCHIN,,479.16
Jun-21,NUTMEG (WITHOUT SHELL},COCHIN,,473.84
Jul-21,NUTMEG (WITHOUT SHELL},COCHIN,,504.42
Aug-21,NUTMEG (WITHOUT SHELL},COCHIN,,486.95
Sep-21,NUTMEG (WITHOUT SHELL},COCHIN,,452.39
Oct-21,NUTMEG (WITHOUT SHELL},COCHIN,,531.81
Nov-21,NUTMEG (WITHOUT SHELL},COCHIN,,555
Dec-21,NUTMEG (WITHOUT SHELL},COCHIN,,564
Jan-22,NUTMEG (WITHOUT SHELL},COCHIN,,567
Feb-22,NUTMEG (WITHOUT SHELL},COCHIN,,589.25
Mar-22,NUTMEG (WITHOUT SHELL},COCHIN,,563.24
Apr-22,NUTMEG (WITHOUT SHELL},COCHIN,,540
May-22,NUTMEG (WITHOUT SHELL},COCHIN,,525
Jun-22,NUTMEG (WITHOUT SHELL},COCHIN,,468.75
Jul-22,NUTMEG (WITHOUT SHELL},COCHIN,,515.5
Aug-22,NUTMEG (WITHOUT SHELL},COCHIN,,551.25
Sep-22,NUTMEG (WITHOUT SHELL},COCHIN,,558.26
Oct-22,NUTMEG (WITHOUT SHELL},COCHIN,,572.91
Nov-22,NUTMEG (WITHOUT SHELL},COCHIN,,572.5
Dec-22,NUTMEG (WITHOUT SHELL},COCHIN,,562.85
Jan-23,NUTMEG (WITHOUT SHELL},COCHIN,,593.33
Feb-23,NUTMEG (WITHOUT SHELL},COCHIN,,598.2
Mar-23,NUTMEG (WITHOUT SHELL},COCHIN,,555.74
Apr-23,NUTMEG (WITHOUT SHELL},COCHIN,,481
May-23,NUTMEG (WITHOUT SHELL},COCHIN,,472.78
Jun-23,NUTMEG (WITHOUT SHELL},COCHIN,,371.15
Jul-23,NUTMEG (WITHOUT SHELL},COCHIN,,421.2
Aug-23,NUTMEG (WITHOUT SHELL},COCHIN,,427.75
Sep-23,NUTMEG (WITHOUT SHELL},COCHIN,,423.31
Oct-23,NUTMEG (WITHOUT SHELL},COCHIN,,415
Nov-23,NUTMEG (WITHOUT SHELL},COCHIN,,413.06
Dec-23,NUTMEG (WITHOUT SHELL},COCHIN,,421.53
Jan-21,POPPY SEED,CHENNAI,,1275
Feb-21,POPPY SEED,CHENNAI,,1275
Mar-21,POPPY SEED,CHENNAI,,1281.25
Apr-21,POPPY SEED,CHENNAI,,1382
May-21,POPPY SEED,CHENNAI,,1502
Jun-21,POPPY SEED,CHENNAI,,1520
Jul-21,POPPY SEED,CHENNAI,,1550
Aug-21,POPPY SEED,CHENNAI,,1650
Sep-21,POPPY SEED,CHENNAI,,1750
Oct-21,POPPY SEED,CHENNAI,,1630
Nov-21,POPPY SEED,CHENNAI,,1600
Dec-21,POPPY SEED,CHENNAI,,1575
Jan-22,POPPY SEED,CHENNAI,,1500
Feb-22,POPPY SEED,CHENNAI,,1562.5
Mar-22,POPPY SEED,CHENNAI,,1645
Apr-22,POPPY SEED,CHENNAI,,1740
May-22,POPPY SEED,CHENNAI,,1462.5
Jun-22,POPPY SEED,CHENNAI,,1250
Jul-22,POPPY SEED,CHENNAI,,1122.5
Aug-22,POPPY SEED,CHENNAI,,1206.25
Sep-22,POPPY SEED,CHENNAI,,1373
Oct-22,POPPY SEED,CHENNAI,,1378.75
Nov-22,POPPY SEED,CHENNAI,,1401.25
Dec-22,POPPY SEED,CHENNAI,,1370
Jan-23,POPPY SEED,CHENNAI,,1537.5
Feb-23,POPPY SEED,CHENNAI,,1425
Mar-23,POPPY SEED,CHENNAI,,1310
Apr-23,POPPY SEED,CHENNAI,,1237.5
May-23,POPPY SEED,CHENNAI,,1210
Jun-23,POPPY SEED,CHENNAI,,1108.75
Jul-23,POPPY SEED,CHENNAI,,1385
Aug-23,POPPY SEED,CHENNAI,,1400
Sep-23,POPPY SEED,CHENNAI,,1455
Oct-23,POPPY SEED,CHENNAI,,1518.75
Nov-23,POPPY SEED,CHENNAI,,1500
Dec-23,POPPY SEED,CHENNAI,,1440
Jan-21,SAFFRON,DELHI,,70000
Feb-21,SAFFRON,DELHI,,65000
Mar-21,SAFFRON,DELHI,,65000
Apr-21,SAFFRON,DELHI,,65000
May-21,SAFFRON,DELHI,,65000
Jun-21,SAFFRON,DELHI,,675000
Jul-21,SAFFRON,DELHI,,75000
Aug-21,SAFFRON,DELHI,,83000
Sep-21,SAFFRON,DELHI,,107500
Oct-21,SAFFRON,DELHI,,
Nov-21,SAFFRON,DELHI,,
Dec-21,SAFFRON,DELHI,,
Jan-22,SAFFRON,DELHI,,168125
Feb-22,SAFFRON,DELHI,,162500
Mar-22,SAFFRON,DELHI,,168750
Apr-23,SAFFRON,DELHI,,127500
May-23,SAFFRON,DELHI,,127500
Jun-23,SAFFRON,DELHI,,127500
Jul-23,SAFFRON,DELHI,,132500
Aug-23,SAFFRON,DELHI,,166250
Sep-23,SAFFRON,DELHI,,187500
Oct-23,SAFFRON,DELHI,,177500
Nov-23,SAFFRON,DELHI,,183750
Dec-23,SAFFRON,DELHI,,190000
Jan-21,TAMARIND,CHENNAI,,155
Feb-21,TAMARIND,CHENNAI,,147.5
Mar-21,TAMARIND,CHENNAI,,142.5
Apr-21,TAMARIND,CHENNAI,,129
May-21,TAMARIND,CHENNAI,,148.75
Jun-21,TAMARIND,CHENNAI,,151.67
Jul-21,TAMARIND,CHENNAI,,152
Aug-21,TAMARIND,CHENNAI,,126.25
Sep-21,TAMARIND,CHENNAI,,123.75
Oct-21,TAMARIND,CHENNAI,,125
Nov-21,TAMARIND,CHENNAI,,126.25
Dec-21,TAMARIND,CHENNAI,,130
Jan-22,TAMARIND,CHENNAI,,135.62
Feb-22,TAMARIND,CHENNAI,,133.75
Mar-22,TAMARIND,CHENNAI,,133.13
Apr-22,TAMARIND,CHENNAI,,126
May-22,TAMARIND,CHENNAI,,132.5
Jun-22,TAMARIND,CHENNAI,,109.66
Jul-22,TAMARIND,CHENNAI,,148
Aug-22,TAMARIND,CHENNAI,,121.25
Sep-22,TAMARIND,CHENNAI,,112
Oct-22,TAMARIND,CHENNAI,,111.25
Nov-22,TAMARIND,CHENNAI,,113.75
Dec-22,TAMARIND,CHENNAI,,119
Jan-23,TAMARIND,CHENNAI,,115
Feb-23,TAMARIND,CHENNAI,,131.87
Mar-23,TAMARIND,CHENNAI,,146
Apr-23,TAMARIND,CHENNAI,,127.5
May-23,TAMARIND,CHENNAI,,102.5
Jun-23,TAMARIND,CHENNAI,,121.25
Jul-23,TAMARIND,CHENNAI,,114
Aug-23,TAMARIND,CHENNAI,,119.37
Sep-23,TAMARIND,CHENNAI,,113
Oct-23,TAMARIND,CHENNAI,,122.5
Nov-23,TAMARIND,CHENNAI,,113.12
Dec-23,TAMARIND,CHENNAI,,117
Jan-21,TURMERIC,CHENNAI,,117.25
Feb-21,TURMERIC,CHENNAI,,125
Mar-21,TURMERIC,CHENNAI,,125
Apr-21,TURMERIC,CHENNAI,,125.5
May-21,TURMERIC,CHENNAI,,123.75
Jun-21,TURMERIC,CHENNAI,,124.17
Jul-21,TURMERIC,CHENNAI,,121
Aug-21,TURMERIC,CHENNAI,,116.5
Sep-21,TURMERIC,CHENNAI,,107.12
Oct-21,TURMERIC,CHENNAI,,107
Nov-21,TURMERIC,CHENNAI,,108.75
Dec-21,TURMERIC,CHENNAI,,118.75
Jan-22,TURMERIC,CHENNAI,,86.87
Feb-22,TURMERIC,CHENNAI,,113.75
Mar-22,TURMERIC,CHENNAI,,125
Apr-22,TURMERIC,CHENNAI,,107
May-22,TURMERIC,CHENNAI,,105
Jun-22,TURMERIC,CHENNAI,,106.66
Jul-22,TURMERIC,CHENNAI,,104.5
Aug-22,TURMERIC,CHENNAI,,104.37
Sep-22,TURMERIC,CHENNAI,,94
Oct-22,TURMERIC,CHENNAI,,96.25
Nov-22,TURMERIC,CHENNAI,,94.37
Dec-22,TURMERIC,CHENNAI,,97
Jan-23,TURMERIC,CHENNAI,,90
Feb-23,TURMERIC,CHENNAI,,86.87
Mar-23,TURMERIC,CHENNAI,,91
Apr-23,TURMERIC,CHENNAI,,74.37
May-23,TURMERIC,CHENNAI,,78.75
Jun-23,TURMERIC,CHENNAI,,78.12
Jul-23,TURMERIC,CHENNAI,,119.5
Aug-23,TURMERIC,CHENNAI,,145.62
Sep-23,TURMERIC,CHENNAI,,144
Oct-23,TURMERIC,CHENNAI,,110.62
Nov-23,TURMERIC,CHENNAI,,105
Dec-23,TURMERIC,CHENNAI,,104.5
Apr-21,TURMERIC(FINGER),NIZAMABAD,,67.55
May-21,TURMERIC(FINGER),NIZAMABAD,,67.6
Jun-21,TURMERIC(FINGER),NIZAMABAD,,65.25
Jul-21,TURMERIC(FINGER),NIZAMABAD,,63.08
Aug-21,TURMERIC(FINGER),NIZAMABAD,,62.13
Sep-21,TURMERIC(FINGER),NIZAMABAD,,61.12
Oct-21,TURMERIC(FINGER),NIZAMABAD,,61.48
Nov-21,TURMERIC(FINGER),NIZAMABAD,,61.76
Dec-21,TURMERIC(FINGER),NIZAMABAD,,71.49
Jan-22,TURMERIC(FINGER),NIZAMABAD,,73.73
Feb-22,TURMERIC(FINGER),NIZAMABAD,,66.48
Mar-22,TURMERIC(FINGER),NIZAMABAD,,65.24
Apr-22,TURMERIC(FINGER),NIZAMABAD,,67.42
May-22,TURMERIC(FINGER),NIZAMABAD,,60.74
Jun-22,TURMERIC(FINGER),NIZAMABAD,,60.02
Jul-22,TURMERIC(FINGER),NIZAMABAD,,60.97
Aug-22,TURMERIC(FINGER),NIZAMABAD,,58.98
Sep-22,TURMERIC(FINGER),NIZAMABAD,,56.61
Oct-22,TURMERIC(FINGER),NIZAMABAD,,54.56
Nov-22,TURMERIC(FINGER),NIZAMABAD,,58.72
Dec-22,TURMERIC(FINGER),NIZAMABAD,,61.76
Jan-23,TURMERIC(FINGER),NIZAMABAD,,57.25
Feb-23,TURMERIC(FINGER),NIZAMABAD,,49.32
Mar-23,TURMERIC(FINGER),NIZAMABAD,,61.56
Apr-23,TURMERIC(FINGER),NIZAMABAD,,57.05
May-23,TURMERIC(FINGER),NIZAMABAD,,62.97
Jun-23,TURMERIC(FINGER),NIZAMABAD,,62.63
Jul-23,TURMERIC(FINGER),NIZAMABAD,,79.17
Aug-23,TURMERIC(FINGER),NIZAMABAD,,111.13
Sep-23,TURMERIC(FINGER),NIZAMABAD,,101.87
Oct-23,TURMERIC(FINGER),NIZAMABAD,,103.34
Nov-23,TURMERIC(FINGER),NIZAMABAD,,107.9
Dec-23,TURMERIC(FINGER),NIZAMABAD,,109.91
